review_id,business_id,business_name,categories,city,state,review_stars,date,text,useful,funny,cool,business_stars,business_review_count
sample_rev_00410,sample_biz_015,Landscaping Pros 015 (SAMPLE),"Home Services, Landscaping, Tree Services",Tucson,AZ,5,2019-09-23 00:00:00,They arrived on time and finished the job faster than expected. We called them after seeing the listing online.,3,1,0,4.0,24
sample_rev_00430,sample_biz_016,Plumbing Pros 016 (SAMPLE),"Home Services, Plumbing, Water Heater Installation/Repair",Tucson,AZ,3,2017-06-04 00:00:00,They were a little late but the quality of the repair was good. Fair price and no surprises on the final bill. The appointment was scheduled for a Tuesday morning.,0,1,2,4.0,48
sample_rev_00675,sample_biz_024,Plumbing Pros 024 (SAMPLE),"Home Services, Plumbing, Water Heater Installation/Repair",Tucson,AZ,5,2020-07-27 00:00:00,"Quick response, quality work and a very reasonable estimate. The appointment was scheduled for a Tuesday morning. They arrived on time and finished the job faster than expected. Fair price and no surprises on the final bill.",1,0,0,2.5,36
sample_rev_00208,sample_biz_007,Landscaping Pros 007 (SAMPLE),"Home Services, Landscaping, Tree Services",Tucson,AZ,5,2019-05-20 00:00:00,"Fair price and no surprises on the final bill. We called them after seeing the listing online. Very safe and careful, everything was done to code and permitted.",0,1,0,4.5,14
sample_rev_00811,sample_biz_028,Movers Pros 028 (SAMPLE),"Home Services, Movers, Packing Services",Tucson,AZ,4,2021-12-02 00:00:00,"Excellent communication, they called back within the hour. They honored the warranty without any hassle which I really appreciated. No hidden fees, the quote matched the invoice exactly.",0,0,0,3.5,30
sample_rev_00665,sample_biz_024,Plumbing Pros 024 (SAMPLE),"Home Services, Plumbing, Water Heater Installation/Repair",Tucson,AZ,5,2018-05-21 00:00:00,"He stayed on schedule and kept me updated by text. Great service from start to finish and I would recommend them to anyone. Very safe and careful, everything was done to code and permitted.",1,0,0,2.5,36
sample_rev_01066,sample_biz_036,Movers Pros 036 (SAMPLE),"Home Services, Movers, Packing Services",Tucson,AZ,2,2020-06-18 00:00:00,We called them after seeing the listing online. The repair did not fix the problem and they left a huge mess behind. The estimate visit took about thirty minutes.,2,0,1,4.0,36
sample_rev_00832,sample_biz_030,Home Pros 030 (SAMPLE),"Home Services, Home Cleaning, Carpet Cleaning",Tucson,AZ,4,2019-05-30 00:00:00,The estimate visit took about thirty minutes. We called them after seeing the listing online. They overcharged me and the final bill was $600 more than quoted. Terrible attitude and a dirty truck full of garbage.,0,0,0,2.5,30
sample_rev_00058,sample_biz_001,Electricians Pros 001 (SAMPLE),"Home Services, Electricians, Lighting Fixtures & Equipment",Tucson,AZ,5,2021-03-23 00:00:00,"I will definitely use them again for the next project. Very safe and careful, everything was done to code and permitted. Excellent communication, they called back within the hour.",1,0,0,3.5,48
sample_rev_01107,sample_biz_037,General Pros 037 (SAMPLE),"Home Services, Contractors, Handyman",Tucson,AZ,5,2021-10-05 00:00:00,"We have lived here for about six years. Excellent communication, they called back within the hour. Very safe and careful, everything was done to code and permitted. The work looks fantastic and they cleaned up completely. He stayed on schedule and kept me updated by text. We called them after seeing the listing online.",2,0,0,4.0,30
sample_rev_00331,sample_biz_010,HVAC Pros 010 (SAMPLE),"Home Services, Heating & Air Conditioning/HVAC",Tucson,AZ,1,2021-12-25 00:00:00,"They were not late at all, which was a nice change. It was a two story house in the foothills. Great service from start to finish and I would recommend them to anyone.",0,0,1,4.0,48
sample_rev_00543,sample_biz_019,Roofing Pros 019 (SAMPLE),"Home Services, Roofing, Contractors",Tucson,AZ,5,2020-04-20 00:00:00,"The estimate visit took about thirty minutes. The technician was friendly, professional and explained everything clearly. The appointment was scheduled for a Tuesday morning. Quick response, quality work and a very reasonable estimate. Very safe and careful, everything was done to code and permitted.",1,0,0,3.0,60
sample_rev_01099,sample_biz_037,General Pros 037 (SAMPLE),"Home Services, Contractors, Handyman",Tucson,AZ,2,2021-04-14 00:00:00,"Constant delays, they rescheduled four times. Would not recommend. It was a two story house in the foothills. The estimate visit took about thirty minutes.",0,0,0,4.0,30
sample_rev_00247,sample_biz_008,Plumbing Pros 008 (SAMPLE),"Home Services, Plumbing, Water Heater Installation/Repair",Tucson,AZ,3,2020-01-27 00:00:00,They honored the warranty without any hassle which I really appreciated. The appointment was scheduled for a Tuesday morning. The work itself was decent but the communication could have been better.,0,0,1,3.0,60
sample_rev_00023,sample_biz_000,Plumbing Pros 000 (SAMPLE),"Home Services, Plumbing, Water Heater Installation/Repair",Tucson,AZ,4,2021-12-25 00:00:00,Fair price and no surprises on the final bill. They honored the warranty without any hassle which I really appreciated. The work looks fantastic and they cleaned up completely.,5,0,1,3.5,24
sample_rev_00332,sample_biz_011,Roofing Pros 011 (SAMPLE),"Home Services, Roofing, Contractors",Tucson,AZ,1,2017-09-24 00:00:00,The crew was a no show on the day of the appointment. The estimate visit took about thirty minutes. The office ignored my messages and nobody returned my calls.,1,0,1,3.0,24
sample_rev_00548,sample_biz_019,Roofing Pros 019 (SAMPLE),"Home Services, Roofing, Contractors",Tucson,AZ,1,2020-10-28 00:00:00,The estimate visit took about thirty minutes. They showed up three hours late and then left early.,1,1,0,3.0,60
sample_rev_00299,sample_biz_010,HVAC Pros 010 (SAMPLE),"Home Services, Heating & Air Conditioning/HVAC",Tucson,AZ,5,2019-05-03 00:00:00,"Quick response, quality work and a very reasonable estimate. It was a two story house in the foothills. They arrived on time and finished the job faster than expected. We called them after seeing the listing online. The work looks fantastic and they cleaned up completely.",1,0,0,4.0,48
sample_rev_00984,sample_biz_035,Roofing Pros 035 (SAMPLE),"Home Services, Roofing, Contractors",Tucson,AZ,5,2016-06-01 00:00:00,"It was a two story house in the foothills. Excellent communication, they called back within the hour.",2,0,1,4.5,60
sample_rev_00930,sample_biz_032,Plumbing Pros 032 (SAMPLE),"Home Services, Plumbing, Water Heater Installation/Repair",Tucson,AZ,4,2020-02-02 00:00:00,"Excellent communication, they called back within the hour. We have lived here for about six years. The technician was friendly, professional and explained everything clearly. They honored the warranty without any hassle which I really appreciated. The appointment was scheduled for a Tuesday morning.",1,0,1,4.0,60
sample_rev_00737,sample_biz_026,HVAC Pros 026 (SAMPLE),"Home Services, Heating & Air Conditioning/HVAC",Tucson,AZ,3,2020-01-09 00:00:00,It was a two story house in the foothills. The work itself was decent but the communication could have been better. Zero communication and no response to my emails.,2,0,0,3.0,60
sample_rev_00156,sample_biz_005,General Pros 005 (SAMPLE),"Home Services, Contractors, Handyman",Tucson,AZ,1,2020-06-18 00:00:00,"The project took forever and was weeks behind schedule. Shoddy workmanship, I had to hire someone else to redo the whole job. The estimate visit took about thirty minutes. The appointment was scheduled for a Tuesday morning. Would not recommend.",1,1,1,2.5,48
sample_rev_00846,sample_biz_030,Home Pros 030 (SAMPLE),"Home Services, Home Cleaning, Carpet Cleaning",Tucson,AZ,5,2021-06-29 00:00:00,"We called them after seeing the listing online. The technician was friendly, professional and explained everything clearly. Quick response, quality work and a very reasonable estimate.",0,0,1,2.5,30
sample_rev_00551,sample_biz_019,Roofing Pros 019 (SAMPLE),"Home Services, Roofing, Contractors",Tucson,AZ,1,2020-11-14 00:00:00,"The quote doubled once they started, classic bait and switch. We called them after seeing the listing online.",1,1,0,3.0,60
sample_rev_01019,sample_biz_035,Roofing Pros 035 (SAMPLE),"Home Services, Roofing, Contractors",Tucson,AZ,4,2020-10-09 00:00:00,"Excellent communication, they called back within the hour. The appointment was scheduled for a Tuesday morning.",2,0,0,4.5,60
sample_rev_00829,sample_biz_030,Home Pros 030 (SAMPLE),"Home Services, Home Cleaning, Carpet Cleaning",Tucson,AZ,4,2018-11-10 00:00:00,They arrived on time and finished the job faster than expected. The work looks fantastic and they cleaned up completely. Fair price and no surprises on the final bill. We have lived here for about six years.,0,1,0,2.5,30
sample_rev_00363,sample_biz_012,Movers Pros 012 (SAMPLE),"Home Services, Movers, Packing Services",Tucson,AZ,5,2022-01-15 00:00:00,"It was a two story house in the foothills. We have lived here for about six years. Quick response, quality work and a very reasonable estimate.",2,2,1,3.0,8
sample_rev_00994,sample_biz_035,Roofing Pros 035 (SAMPLE),"Home Services, Roofing, Contractors",Tucson,AZ,5,2017-09-27 00:00:00,"Excellent communication, they called back within the hour. The work looks fantastic and they cleaned up completely. The technician was friendly, professional and explained everything clearly.",3,0,1,4.5,60
sample_rev_00557,sample_biz_019,Roofing Pros 019 (SAMPLE),"Home Services, Roofing, Contractors",Tucson,AZ,5,2021-02-03 00:00:00,"Very safe and careful, everything was done to code and permitted. We have lived here for about six years. The appointment was scheduled for a Tuesday morning.",1,0,0,3.0,60
sample_rev_00968,sample_biz_033,Electricians Pros 033 (SAMPLE),"Home Services, Electricians, Lighting Fixtures & Equipment",Tucson,AZ,5,2020-01-02 00:00:00,"The technician was friendly, professional and explained everything clearly. They arrived on time and finished the job faster than expected. Very safe and careful, everything was done to code and permitted.",1,0,0,3.5,14
sample_rev_00323,sample_biz_010,HVAC Pros 010 (SAMPLE),"Home Services, Heating & Air Conditioning/HVAC",Tucson,AZ,5,2021-08-17 00:00:00,"Very safe and careful, everything was done to code and permitted. The technician was friendly, professional and explained everything clearly. The work looks fantastic and they cleaned up completely.",1,0,0,4.0,48
sample_rev_00620,sample_biz_022,Home Pros 022 (SAMPLE),"Home Services, Home Cleaning, Carpet Cleaning",Tucson,AZ,1,2018-05-09 00:00:00,No one would stand behind their work and they denied my claim. The estimate visit took about thirty minutes. Would not recommend. We called them after seeing the listing online.,1,0,0,3.5,30
sample_rev_01140,sample_biz_038,Home Pros 038 (SAMPLE),"Home Services, Home Cleaning, Carpet Cleaning",Tucson,AZ,3,2021-12-09 00:00:00,"Terrible attitude and a dirty truck full of garbage. Good crew overall, although the price was a bit higher than I expected. It was a two story house in the foothills.",2,0,0,4.0,36
sample_rev_00809,sample_biz_028,Movers Pros 028 (SAMPLE),"Home Services, Movers, Packing Services",Tucson,AZ,5,2021-09-29 00:00:00,"We have lived here for about six years. The work looks fantastic and they cleaned up completely. Quick response, quality work and a very reasonable estimate.",1,0,0,3.5,30
sample_rev_00573,sample_biz_020,Movers Pros 020 (SAMPLE),"Home Services, Movers, Packing Services",Tucson,AZ,5,2019-02-01 00:00:00,"The work looks fantastic and they cleaned up completely. Excellent communication, they called back within the hour. Quick response, quality work and a very reasonable estimate.",1,0,0,3.0,8
sample_rev_00589,sample_biz_021,General Pros 021 (SAMPLE),"Home Services, Contractors, Handyman",Tucson,AZ,5,2018-12-02 00:00:00,They gave a lifetime warranty on the parts. I will definitely use them again for the next project. Great service from start to finish and I would recommend them to anyone. We have lived here for about six years. The estimate visit took about thirty minutes.,2,0,0,3.0,36
sample_rev_00049,sample_biz_001,Electricians Pros 001 (SAMPLE),"Home Services, Electricians, Lighting Fixtures & Equipment",Tucson,AZ,5,2020-07-03 00:00:00,"Fair price and no surprises on the final bill. We have lived here for about six years. They arrived on time and finished the job faster than expected. Quick response, quality work and a very reasonable estimate. The estimate visit took about thirty minutes.",2,0,0,3.5,48
sample_rev_00585,sample_biz_021,General Pros 021 (SAMPLE),"Home Services, Contractors, Handyman",Tucson,AZ,4,2018-06-29 00:00:00,Great service from start to finish and I would recommend them to anyone. We called them after seeing the listing online.,1,0,0,3.0,36
sample_rev_00158,sample_biz_005,General Pros 005 (SAMPLE),"Home Services, Contractors, Handyman",Tucson,AZ,1,2020-07-15 00:00:00,"Constant delays, they rescheduled four times. It was a two story house in the foothills. Would not recommend. Shoddy workmanship, I had to hire someone else to redo the whole job.",3,1,0,2.5,48
sample_rev_00298,sample_biz_010,HVAC Pros 010 (SAMPLE),"Home Services, Heating & Air Conditioning/HVAC",Tucson,AZ,4,2019-04-03 00:00:00,"The work looks fantastic and they cleaned up completely. Very safe and careful, everything was done to code and permitted. Excellent communication, they called back within the hour.",2,0,0,4.0,48
sample_rev_00265,sample_biz_008,Plumbing Pros 008 (SAMPLE),"Home Services, Plumbing, Water Heater Installation/Repair",Tucson,AZ,2,2021-05-28 00:00:00,"It was a two story house in the foothills. We have lived here for about six years. Would not recommend. Constant delays, they rescheduled four times.",2,0,0,3.0,60
sample_rev_00328,sample_biz_010,HVAC Pros 010 (SAMPLE),"Home Services, Heating & Air Conditioning/HVAC",Tucson,AZ,5,2021-09-28 00:00:00,"They honored the warranty without any hassle which I really appreciated. The estimate visit took about thirty minutes. Fair price and no surprises on the final bill. Excellent communication, they called back within the hour.",1,1,0,4.0,48
sample_rev_00924,sample_biz_032,Plumbing Pros 032 (SAMPLE),"Home Services, Plumbing, Water Heater Installation/Repair",Tucson,AZ,5,2019-09-06 00:00:00,"Fair price and no surprises on the final bill. They were not late at all, which was a nice change.",1,1,0,4.0,60
sample_rev_00101,sample_biz_002,HVAC Pros 002 (SAMPLE),"Home Services, Heating & Air Conditioning/HVAC",Tucson,AZ,2,2021-09-01 00:00:00,Zero communication and no response to my emails. It was a two story house in the foothills. We called them after seeing the listing online.,0,0,0,4.5,36
sample_rev_00893,sample_biz_031,Landscaping Pros 031 (SAMPLE),"Home Services, Landscaping, Tree Services",Tucson,AZ,4,2021-05-24 00:00:00,"They arrived on time and finished the job faster than expected. I will definitely use them again for the next project. Very safe and careful, everything was done to code and permitted. No hidden fees, the quote matched the invoice exactly.",1,0,0,4.0,48
sample_rev_00070,sample_biz_001,Electricians Pros 001 (SAMPLE),"Home Services, Electricians, Lighting Fixtures & Equipment",Tucson,AZ,4,2021-10-31 00:00:00,"They gave a lifetime warranty on the parts. Very safe and careful, everything was done to code and permitted.",1,0,1,3.5,48
sample_rev_00736,sample_biz_026,HVAC Pros 026 (SAMPLE),"Home Services, Heating & Air Conditioning/HVAC",Tucson,AZ,2,2020-01-02 00:00:00,We called them after seeing the listing online. The appointment was scheduled for a Tuesday morning. The crew was a no show on the day of the appointment.,1,0,0,3.0,60
sample_rev_01160,sample_biz_039,Landscaping Pros 039 (SAMPLE),"Home Services, Landscaping, Tree Services",Tucson,AZ,5,2020-09-09 00:00:00,The work looks fantastic and they cleaned up completely. I will definitely use them again for the next project. They arrived on time and finished the job faster than expected. It was a two story house in the foothills.,2,0,2,3.5,30
sample_rev_00652,sample_biz_023,Landscaping Pros 023 (SAMPLE),"Home Services, Landscaping, Tree Services",Tucson,AZ,1,2019-08-06 00:00:00,We have lived here for about six years. They refused to honor the warranty when it broke a week later.,1,0,1,2.5,14
sample_rev_00786,sample_biz_028,Movers Pros 028 (SAMPLE),"Home Services, Movers, Packing Services",Tucson,AZ,3,2017-07-11 00:00:00,They honored the warranty without any hassle which I really appreciated. The estimate visit took about thirty minutes. The work itself was decent but the communication could have been better.,0,0,1,3.5,30
sample_rev_00086,sample_biz_002,HVAC Pros 002 (SAMPLE),"Home Services, Heating & Air Conditioning/HVAC",Tucson,AZ,5,2019-01-29 00:00:00,We called them after seeing the listing online. They botched the install and the finish is crooked and cracked. The appointment was scheduled for a Tuesday morning.,0,0,0,4.5,36
sample_rev_01138,sample_biz_038,Home Pros 038 (SAMPLE),"Home Services, Home Cleaning, Carpet Cleaning",Tucson,AZ,4,2021-08-03 00:00:00,"We have lived here for about six years. We called them after seeing the listing online. Great service from start to finish and I would recommend them to anyone. No hidden fees, the quote matched the invoice exactly. They honored the warranty without any hassle which I really appreciated. Quick response, quality work and a very reasonable estimate.",0,0,0,4.0,36
sample_rev_00558,sample_biz_019,Roofing Pros 019 (SAMPLE),"Home Services, Roofing, Contractors",Tucson,AZ,1,2021-03-01 00:00:00,The crew was a no show on the day of the appointment. The estimate visit took about thirty minutes.,1,2,1,3.0,60
sample_rev_00420,sample_biz_015,Landscaping Pros 015 (SAMPLE),"Home Services, Landscaping, Tree Services",Tucson,AZ,2,2021-02-14 00:00:00,Terrible attitude and a dirty truck full of garbage. It was a two story house in the foothills.,2,0,0,4.0,24
sample_rev_00593,sample_biz_021,General Pros 021 (SAMPLE),"Home Services, Contractors, Handyman",Tucson,AZ,5,2019-07-04 00:00:00,"Quick response, quality work and a very reasonable estimate.",0,0,0,3.0,36
sample_rev_00209,sample_biz_007,Landscaping Pros 007 (SAMPLE),"Home Services, Landscaping, Tree Services",Tucson,AZ,5,2019-06-18 00:00:00,They honored the warranty without any hassle which I really appreciated. We called them after seeing the listing online.,1,0,1,4.5,14
sample_rev_00081,sample_biz_002,HVAC Pros 002 (SAMPLE),"Home Services, Heating & Air Conditioning/HVAC",Tucson,AZ,5,2018-01-16 00:00:00,Fair price and no surprises on the final bill.,2,0,1,4.5,36
sample_rev_00354,sample_biz_011,Roofing Pros 011 (SAMPLE),"Home Services, Roofing, Contractors",Tucson,AZ,1,2021-12-07 00:00:00,We have lived here for about six years. He left the job unfinished and never came back. Zero communication and no response to my emails.,2,0,1,3.0,24
sample_rev_00519,sample_biz_019,Roofing Pros 019 (SAMPLE),"Home Services, Roofing, Contractors",Tucson,AZ,5,2017-10-06 00:00:00,Fair price and no surprises on the final bill. The estimate visit took about thirty minutes.,0,0,1,3.0,60
sample_rev_00973,sample_biz_033,Electricians Pros 033 (SAMPLE),"Home Services, Electricians, Lighting Fixtures & Equipment",Tucson,AZ,5,2021-07-11 00:00:00,"It was a two story house in the foothills. The technician was friendly, professional and explained everything clearly. The work looks fantastic and they cleaned up completely. They gave a lifetime warranty on the parts.",1,0,0,3.5,14
sample_rev_01053,sample_biz_036,Movers Pros 036 (SAMPLE),"Home Services, Movers, Packing Services",Tucson,AZ,5,2018-02-16 00:00:00,"It was a two story house in the foothills. We have lived here for about six years. Very safe and careful, everything was done to code and permitted.",0,1,0,4.0,36
sample_rev_00941,sample_biz_032,Plumbing Pros 032 (SAMPLE),"Home Services, Plumbing, Water Heater Installation/Repair",Tucson,AZ,3,2020-12-06 00:00:00,"I asked for a refund under the guarantee and was told no. We called them after seeing the listing online. Good crew overall, although the price was a bit higher than I expected.",3,0,0,4.0,60
sample_rev_00629,sample_biz_022,Home Pros 022 (SAMPLE),"Home Services, Home Cleaning, Carpet Cleaning",Tucson,AZ,5,2020-05-21 00:00:00,"He stayed on schedule and kept me updated by text. The technician was friendly, professional and explained everything clearly. Great service from start to finish and I would recommend them to anyone.",1,0,1,3.5,30
sample_rev_00433,sample_biz_016,Plumbing Pros 016 (SAMPLE),"Home Services, Plumbing, Water Heater Installation/Repair",Tucson,AZ,5,2017-10-10 00:00:00,The work looks fantastic and they cleaned up completely. They honored the warranty without any hassle which I really appreciated. It was a two story house in the foothills.,0,0,0,4.0,48
sample_rev_00752,sample_biz_026,HVAC Pros 026 (SAMPLE),"Home Services, Heating & Air Conditioning/HVAC",Tucson,AZ,5,2020-12-03 00:00:00,We called them after seeing the listing online. Would not recommend. The appointment was scheduled for a Tuesday morning. After two missed appointments I gave up on them.,0,1,1,3.0,60
sample_rev_00796,sample_biz_028,Movers Pros 028 (SAMPLE),"Home Services, Movers, Packing Services",Tucson,AZ,5,2020-05-25 00:00:00,"It was a two story house in the foothills. He stayed on schedule and kept me updated by text. We have lived here for about six years. Very safe and careful, everything was done to code and permitted.",1,1,0,3.5,30
sample_rev_00319,sample_biz_010,HVAC Pros 010 (SAMPLE),"Home Services, Heating & Air Conditioning/HVAC",Tucson,AZ,4,2021-07-29 00:00:00,They arrived on time and finished the job faster than expected. The appointment was scheduled for a Tuesday morning. I will definitely use them again for the next project. We have lived here for about six years. Great service from start to finish and I would recommend them to anyone.,1,0,0,4.0,48
sample_rev_00948,sample_biz_032,Plumbing Pros 032 (SAMPLE),"Home Services, Plumbing, Water Heater Installation/Repair",Tucson,AZ,1,2021-03-19 00:00:00,"It was a two story house in the foothills. The quote doubled once they started, classic bait and switch. The estimate visit took about thirty minutes. I waited all day and the technician arrived after dark.",3,1,0,4.0,60
sample_rev_00321,sample_biz_010,HVAC Pros 010 (SAMPLE),"Home Services, Heating & Air Conditioning/HVAC",Tucson,AZ,5,2021-08-07 00:00:00,"They were not late at all, which was a nice change. The technician was friendly, professional and explained everything clearly. We have lived here for about six years. Great service from start to finish and I would recommend them to anyone.",0,0,1,4.0,48
sample_rev_00113,sample_biz_003,Roofing Pros 003 (SAMPLE),"Home Services, Roofing, Contractors",Tucson,AZ,5,2020-06-20 00:00:00,"They arrived on time and finished the job faster than expected. The technician was friendly, professional and explained everything clearly. I will definitely use them again for the next project. We have lived here for about six years. The appointment was scheduled for a Tuesday morning.",2,1,0,4.5,8
sample_rev_00932,sample_biz_032,Plumbing Pros 032 (SAMPLE),"Home Services, Plumbing, Water Heater Installation/Repair",Tucson,AZ,5,2020-02-19 00:00:00,I will definitely use them again for the next project. Fair price and no surprises on the final bill.,0,2,1,4.0,60
sample_rev_00911,sample_biz_032,Plumbing Pros 032 (SAMPLE),"Home Services, Plumbing, Water Heater Installation/Repair",Tucson,AZ,1,2018-04-05 00:00:00,Terrible attitude and a dirty truck full of garbage. They showed up three hours late and then left early. We called them after seeing the listing online. Price gouging after they said it was an emergency. The estimate visit took about thirty minutes.,0,0,0,4.0,60
sample_rev_00977,sample_biz_034,HVAC Pros 034 (SAMPLE),"Home Services, Heating & Air Conditioning/HVAC",Tucson,AZ,2,2020-07-17 00:00:00,"Constant delays, they rescheduled four times. We called them after seeing the listing online. They botched the install and the finish is crooked and cracked. The technician was rude and dismissive when I asked questions. We have lived here for about six years. Would not recommend.",0,0,0,2.0,8
sample_rev_01001,sample_biz_035,Roofing Pros 035 (SAMPLE),"Home Services, Roofing, Contractors",Tucson,AZ,5,2019-01-16 00:00:00,"The work looks fantastic and they cleaned up completely. We have lived here for about six years. Excellent communication, they called back within the hour. They gave a lifetime warranty on the parts. Quick response, quality work and a very reasonable estimate.",0,0,0,4.5,60
sample_rev_00733,sample_biz_026,HVAC Pros 026 (SAMPLE),"Home Services, Heating & Air Conditioning/HVAC",Tucson,AZ,5,2019-12-01 00:00:00,Great service from start to finish and I would recommend them to anyone.,0,0,0,3.0,60
sample_rev_01069,sample_biz_036,Movers Pros 036 (SAMPLE),"Home Services, Movers, Packing Services",Tucson,AZ,4,2020-10-24 00:00:00,"Very safe and careful, everything was done to code and permitted. The estimate visit took about thirty minutes. Fair price and no surprises on the final bill. Excellent communication, they called back within the hour.",0,1,0,4.0,36
sample_rev_00588,sample_biz_021,General Pros 021 (SAMPLE),"Home Services, Contractors, Handyman",Tucson,AZ,3,2018-11-02 00:00:00,"Excellent communication, they called back within the hour. They were a little late but the quality of the repair was good. The estimate visit took about thirty minutes.",1,0,0,3.0,36
sample_rev_01037,sample_biz_035,Roofing Pros 035 (SAMPLE),"Home Services, Roofing, Contractors",Tucson,AZ,5,2021-11-18 00:00:00,They honored the warranty without any hassle which I really appreciated. It was a two story house in the foothills. They arrived on time and finished the job faster than expected.,1,0,1,4.5,60
sample_rev_00824,sample_biz_030,Home Pros 030 (SAMPLE),"Home Services, Home Cleaning, Carpet Cleaning",Tucson,AZ,3,2018-04-05 00:00:00,"Excellent communication, they called back within the hour. The work itself was decent but the communication could have been better. We called them after seeing the listing online.",1,0,0,2.5,30
sample_rev_00107,sample_biz_002,HVAC Pros 002 (SAMPLE),"Home Services, Heating & Air Conditioning/HVAC",Tucson,AZ,5,2022-01-12 00:00:00,"Excellent communication, they called back within the hour. Quick response, quality work and a very reasonable estimate. They were not late at all, which was a nice change. Very safe and careful, everything was done to code and permitted.",1,0,0,4.5,36
sample_rev_00109,sample_biz_003,Roofing Pros 003 (SAMPLE),"Home Services, Roofing, Contractors",Tucson,AZ,5,2017-09-24 00:00:00,"The technician was friendly, professional and explained everything clearly. The work looks fantastic and they cleaned up completely. Quick response, quality work and a very reasonable estimate. We called them after seeing the listing online.",0,1,0,4.5,8
sample_rev_00163,sample_biz_005,General Pros 005 (SAMPLE),"Home Services, Contractors, Handyman",Tucson,AZ,1,2020-10-11 00:00:00,"Constant delays, they rescheduled four times. Shoddy workmanship, I had to hire someone else to redo the whole job. The appointment was scheduled for a Tuesday morning.",1,0,0,2.5,48
sample_rev_00970,sample_biz_033,Electricians Pros 033 (SAMPLE),"Home Services, Electricians, Lighting Fixtures & Equipment",Tucson,AZ,1,2020-10-24 00:00:00,Completely unresponsive once they had my deposit. We have lived here for about six years. It was a two story house in the foothills. After two missed appointments I gave up on them.,1,0,0,3.5,14
sample_rev_00575,sample_biz_020,Movers Pros 020 (SAMPLE),"Home Services, Movers, Packing Services",Tucson,AZ,1,2020-10-06 00:00:00,The work was sloppy and the pipe is still leaking again after they left. The appointment was scheduled for a Tuesday morning.,0,0,0,3.0,8
sample_rev_00344,sample_biz_011,Roofing Pros 011 (SAMPLE),"Home Services, Roofing, Contractors",Tucson,AZ,1,2020-11-06 00:00:00,"The estimate visit took about thirty minutes. The technician was friendly, professional and explained everything clearly. We called them after seeing the listing online. Great service from start to finish and I would recommend them to anyone. I will definitely use them again for the next project.",1,0,0,3.0,24
sample_rev_00381,sample_biz_014,Home Pros 014 (SAMPLE),"Home Services, Home Cleaning, Carpet Cleaning",Tucson,AZ,4,2019-06-17 00:00:00,"They arrived on time and finished the job faster than expected. The technician was friendly, professional and explained everything clearly.",0,0,0,4.5,30
sample_rev_00233,sample_biz_008,Plumbing Pros 008 (SAMPLE),"Home Services, Plumbing, Water Heater Installation/Repair",Tucson,AZ,4,2018-11-29 00:00:00,"Fair price and no surprises on the final bill. We called them after seeing the listing online. Excellent communication, they called back within the hour.",1,1,0,3.0,60
sample_rev_00549,sample_biz_019,Roofing Pros 019 (SAMPLE),"Home Services, Roofing, Contractors",Tucson,AZ,1,2020-11-07 00:00:00,"It was a two story house in the foothills. Hidden fees everywhere, it felt like a complete rip off.",0,0,0,3.0,60
sample_rev_00987,sample_biz_035,Roofing Pros 035 (SAMPLE),"Home Services, Roofing, Contractors",Tucson,AZ,5,2016-11-11 00:00:00,"Great service from start to finish and I would recommend them to anyone. The technician was friendly, professional and explained everything clearly. Fair price and no surprises on the final bill. The appointment was scheduled for a Tuesday morning. No hidden fees, the quote matched the invoice exactly.",2,1,0,4.5,60
sample_rev_00943,sample_biz_032,Plumbing Pros 032 (SAMPLE),"Home Services, Plumbing, Water Heater Installation/Repair",Tucson,AZ,5,2020-12-16 00:00:00,"It was a two story house in the foothills. Very safe and careful, everything was done to code and permitted. They were not late at all, which was a nice change. They honored the warranty without any hassle which I really appreciated.",2,0,0,4.0,60
sample_rev_01142,sample_biz_038,Home Pros 038 (SAMPLE),"Home Services, Home Cleaning, Carpet Cleaning",Tucson,AZ,5,2022-01-03 00:00:00,"We have lived here for about six years. Fair price and no surprises on the final bill. Excellent communication, they called back within the hour. The estimate visit took about thirty minutes.",1,0,0,4.0,36
sample_rev_00044,sample_biz_001,Electricians Pros 001 (SAMPLE),"Home Services, Electricians, Lighting Fixtures & Equipment",Tucson,AZ,3,2020-02-27 00:00:00,"We have lived here for about six years. I waited all day and the technician arrived after dark. Good crew overall, although the price was a bit higher than I expected.",2,0,0,3.5,48
sample_rev_00598,sample_biz_021,General Pros 021 (SAMPLE),"Home Services, Contractors, Handyman",Tucson,AZ,5,2020-04-12 00:00:00,"Excellent communication, they called back within the hour. Quick response, quality work and a very reasonable estimate. They honored the warranty without any hassle which I really appreciated. We called them after seeing the listing online.",1,1,0,3.0,36
sample_rev_00667,sample_biz_024,Plumbing Pros 024 (SAMPLE),"Home Services, Plumbing, Water Heater Installation/Repair",Tucson,AZ,2,2019-02-01 00:00:00,"We called them after seeing the listing online. Constant delays, they rescheduled four times. Very unprofessional, he was yelling at his helper in my driveway. We have lived here for about six years.",0,2,0,2.5,36
sample_rev_01143,sample_biz_038,Home Pros 038 (SAMPLE),"Home Services, Home Cleaning, Carpet Cleaning",Tucson,AZ,1,2022-01-15 00:00:00,We have lived here for about six years. I waited all day and the technician arrived after dark.,1,0,0,4.0,36
sample_rev_00479,sample_biz_017,Electricians Pros 017 (SAMPLE),"Home Services, Electricians, Lighting Fixtures & Equipment",Tucson,AZ,5,2020-01-08 00:00:00,"Excellent communication, they called back within the hour. They arrived on time and finished the job faster than expected. Fair price and no surprises on the final bill.",0,0,0,4.5,14
sample_rev_00716,sample_biz_026,HVAC Pros 026 (SAMPLE),"Home Services, Heating & Air Conditioning/HVAC",Tucson,AZ,1,2018-04-14 00:00:00,They arrived on time and finished the job faster than expected.,0,1,0,3.0,60
sample_rev_00327,sample_biz_010,HVAC Pros 010 (SAMPLE),"Home Services, Heating & Air Conditioning/HVAC",Tucson,AZ,5,2021-09-25 00:00:00,"They arrived on time and finished the job faster than expected. I will definitely use them again for the next project. Quick response, quality work and a very reasonable estimate.",2,0,2,4.0,48
sample_rev_00155,sample_biz_005,General Pros 005 (SAMPLE),"Home Services, Contractors, Handyman",Tucson,AZ,1,2020-06-17 00:00:00,The repair did not fix the problem and they left a huge mess behind. The estimate visit took about thirty minutes. The appointment was scheduled for a Tuesday morning. I waited all day and the technician arrived after dark.,2,0,0,2.5,48
sample_rev_00978,sample_biz_034,HVAC Pros 034 (SAMPLE),"Home Services, Heating & Air Conditioning/HVAC",Tucson,AZ,2,2020-09-08 00:00:00,I waited all day and the technician arrived after dark. The repair did not fix the problem and they left a huge mess behind. We have lived here for about six years.,0,0,0,2.0,8
sample_rev_00799,sample_biz_028,Movers Pros 028 (SAMPLE),"Home Services, Movers, Packing Services",Tucson,AZ,4,2020-10-21 00:00:00,"The technician was friendly, professional and explained everything clearly. They arrived on time and finished the job faster than expected.",1,0,1,3.5,30
sample_rev_00051,sample_biz_001,Electricians Pros 001 (SAMPLE),"Home Services, Electricians, Lighting Fixtures & Equipment",Tucson,AZ,1,2020-09-13 00:00:00,I smelled a gas leak after they left and it was dangerous. The appointment was scheduled for a Tuesday morning.,3,0,0,3.5,48
sample_rev_01165,sample_biz_039,Landscaping Pros 039 (SAMPLE),"Home Services, Landscaping, Tree Services",Tucson,AZ,2,2021-04-10 00:00:00,Price gouging after they said it was an emergency. The estimate visit took about thirty minutes.,0,0,0,3.5,30
sample_rev_00210,sample_biz_007,Landscaping Pros 007 (SAMPLE),"Home Services, Landscaping, Tree Services",Tucson,AZ,5,2019-12-20 00:00:00,"Quick response, quality work and a very reasonable estimate. Great service from start to finish and I would recommend them to anyone. The appointment was scheduled for a Tuesday morning. They honored the warranty without any hassle which I really appreciated.",1,0,0,4.5,14
sample_rev_01117,sample_biz_038,Home Pros 038 (SAMPLE),"Home Services, Home Cleaning, Carpet Cleaning",Tucson,AZ,5,2019-05-15 00:00:00,Fair price and no surprises on the final bill. It was a two story house in the foothills.,0,1,0,4.0,36
sample_rev_00439,sample_biz_016,Plumbing Pros 016 (SAMPLE),"Home Services, Plumbing, Water Heater Installation/Repair",Tucson,AZ,5,2018-12-09 00:00:00,The appointment was scheduled for a Tuesday morning. The work looks fantastic and they cleaned up completely.,1,0,0,4.0,48
sample_rev_00198,sample_biz_006,Home Pros 006 (SAMPLE),"Home Services, Home Cleaning, Carpet Cleaning",Tucson,AZ,5,2021-06-01 00:00:00,I will definitely use them again for the next project. We called them after seeing the listing online. They honored the warranty without any hassle which I really appreciated.,0,0,0,2.5,24
sample_rev_00361,sample_biz_012,Movers Pros 012 (SAMPLE),"Home Services, Movers, Packing Services",Tucson,AZ,5,2021-09-13 00:00:00,"Great service from start to finish and I would recommend them to anyone. Excellent communication, they called back within the hour. I will definitely use them again for the next project. He stayed on schedule and kept me updated by text.",4,0,0,3.0,8
sample_rev_01149,sample_biz_039,Landscaping Pros 039 (SAMPLE),"Home Services, Landscaping, Tree Services",Tucson,AZ,1,2018-04-10 00:00:00,Zero communication and no response to my emails. The appointment was scheduled for a Tuesday morning.,1,0,0,3.5,30
sample_rev_00755,sample_biz_026,HVAC Pros 026 (SAMPLE),"Home Services, Heating & Air Conditioning/HVAC",Tucson,AZ,5,2021-01-22 00:00:00,"We have lived here for about six years. The work looks fantastic and they cleaned up completely. The appointment was scheduled for a Tuesday morning. Very safe and careful, everything was done to code and permitted. Fair price and no surprises on the final bill.",1,0,0,3.0,60
sample_rev_01022,sample_biz_035,Roofing Pros 035 (SAMPLE),"Home Services, Roofing, Contractors",Tucson,AZ,4,2021-01-23 00:00:00,They arrived on time and finished the job faster than expected. We called them after seeing the listing online.,0,0,0,4.5,60
sample_rev_00478,sample_biz_017,Electricians Pros 017 (SAMPLE),"Home Services, Electricians, Lighting Fixtures & Equipment",Tucson,AZ,4,2019-11-23 00:00:00,"They were not late at all, which was a nice change. Excellent communication, they called back within the hour.",0,1,0,4.5,14
sample_rev_00535,sample_biz_019,Roofing Pros 019 (SAMPLE),"Home Services, Roofing, Contractors",Tucson,AZ,3,2019-11-06 00:00:00,"Good crew overall, although the price was a bit higher than I expected. I smelled a gas leak after they left and it was dangerous. We called them after seeing the listing online.",1,0,0,3.0,60
sample_rev_00294,sample_biz_010,HVAC Pros 010 (SAMPLE),"Home Services, Heating & Air Conditioning/HVAC",Tucson,AZ,5,2018-05-10 00:00:00,"Excellent communication, they called back within the hour. Quick response, quality work and a very reasonable estimate. They honored the warranty without any hassle which I really appreciated. We have lived here for about six years.",0,0,0,4.0,48
sample_rev_00270,sample_biz_008,Plumbing Pros 008 (SAMPLE),"Home Services, Plumbing, Water Heater Installation/Repair",Tucson,AZ,1,2021-08-15 00:00:00,It was a two story house in the foothills. The estimate visit took about thirty minutes. The project took forever and was weeks behind schedule.,1,0,1,3.0,60
sample_rev_00128,sample_biz_004,Movers Pros 004 (SAMPLE),"Home Services, Movers, Packing Services",Tucson,AZ,5,2021-08-26 00:00:00,"The work looks fantastic and they cleaned up completely. They were not late at all, which was a nice change.",0,0,0,2.5,14
sample_rev_00054,sample_biz_001,Electricians Pros 001 (SAMPLE),"Home Services, Electricians, Lighting Fixtures & Equipment",Tucson,AZ,5,2021-02-20 00:00:00,"Very safe and careful, everything was done to code and permitted. They honored the warranty without any hassle which I really appreciated. The appointment was scheduled for a Tuesday morning. Quick response, quality work and a very reasonable estimate.",1,0,0,3.5,48
sample_rev_00140,sample_biz_005,General Pros 005 (SAMPLE),"Home Services, Contractors, Handyman",Tucson,AZ,1,2018-09-01 00:00:00,"We have lived here for about six years. The appointment was scheduled for a Tuesday morning. Shoddy workmanship, I had to hire someone else to redo the whole job. They showed up three hours late and then left early.",1,2,0,2.5,48
sample_rev_00192,sample_biz_006,Home Pros 006 (SAMPLE),"Home Services, Home Cleaning, Carpet Cleaning",Tucson,AZ,5,2020-03-28 00:00:00,"He stayed on schedule and kept me updated by text. The appointment was scheduled for a Tuesday morning. Quick response, quality work and a very reasonable estimate. The estimate visit took about thirty minutes.",1,0,1,2.5,24
sample_rev_00220,sample_biz_008,Plumbing Pros 008 (SAMPLE),"Home Services, Plumbing, Water Heater Installation/Repair",Tucson,AZ,5,2017-06-17 00:00:00,"We called them after seeing the listing online. Great service from start to finish and I would recommend them to anyone. Very safe and careful, everything was done to code and permitted.",1,1,0,3.0,60
sample_rev_00056,sample_biz_001,Electricians Pros 001 (SAMPLE),"Home Services, Electricians, Lighting Fixtures & Equipment",Tucson,AZ,5,2021-02-27 00:00:00,"Excellent communication, they called back within the hour. Great service from start to finish and I would recommend them to anyone.",1,0,0,3.5,48
sample_rev_00428,sample_biz_016,Plumbing Pros 016 (SAMPLE),"Home Services, Plumbing, Water Heater Installation/Repair",Tucson,AZ,1,2017-03-19 00:00:00,The repair did not fix the problem and they left a huge mess behind. The estimate visit took about thirty minutes.,1,0,1,4.0,48
sample_rev_01090,sample_biz_037,General Pros 037 (SAMPLE),"Home Services, Contractors, Handyman",Tucson,AZ,5,2019-10-26 00:00:00,"The technician was friendly, professional and explained everything clearly. I will definitely use them again for the next project. He stayed on schedule and kept me updated by text.",1,0,0,4.0,30
sample_rev_00534,sample_biz_019,Roofing Pros 019 (SAMPLE),"Home Services, Roofing, Contractors",Tucson,AZ,4,2019-09-04 00:00:00,We have lived here for about six years. Fair price and no surprises on the final bill.,0,0,0,3.0,60
sample_rev_00873,sample_biz_031,Landscaping Pros 031 (SAMPLE),"Home Services, Landscaping, Tree Services",Tucson,AZ,4,2020-03-13 00:00:00,"We called them after seeing the listing online. The appointment was scheduled for a Tuesday morning. They were not late at all, which was a nice change. Great service from start to finish and I would recommend them to anyone.",1,0,0,4.0,48
sample_rev_00482,sample_biz_017,Electricians Pros 017 (SAMPLE),"Home Services, Electricians, Lighting Fixtures & Equipment",Tucson,AZ,4,2021-09-07 00:00:00,Fair price and no surprises on the final bill.,0,0,1,4.5,14
sample_rev_00306,sample_biz_010,HVAC Pros 010 (SAMPLE),"Home Services, Heating & Air Conditioning/HVAC",Tucson,AZ,4,2020-08-05 00:00:00,"They honored the warranty without any hassle which I really appreciated. They were not late at all, which was a nice change. The appointment was scheduled for a Tuesday morning. The estimate visit took about thirty minutes.",1,0,0,4.0,48
sample_rev_00838,sample_biz_030,Home Pros 030 (SAMPLE),"Home Services, Home Cleaning, Carpet Cleaning",Tucson,AZ,2,2020-07-27 00:00:00,It was a two story house in the foothills. They left trash all over my yard and were disrespectful.,0,1,0,2.5,30
sample_rev_00889,sample_biz_031,Landscaping Pros 031 (SAMPLE),"Home Services, Landscaping, Tree Services",Tucson,AZ,1,2021-02-14 00:00:00,The estimate visit took about thirty minutes. We called them after seeing the listing online. They left trash all over my yard and were disrespectful.,1,0,0,4.0,48
sample_rev_01139,sample_biz_038,Home Pros 038 (SAMPLE),"Home Services, Home Cleaning, Carpet Cleaning",Tucson,AZ,4,2021-09-06 00:00:00,It was a two story house in the foothills. I will definitely use them again for the next project. The work looks fantastic and they cleaned up completely.,0,0,1,4.0,36
sample_rev_00826,sample_biz_030,Home Pros 030 (SAMPLE),"Home Services, Home Cleaning, Carpet Cleaning",Tucson,AZ,1,2018-07-15 00:00:00,They left trash all over my yard and were disrespectful. We called them after seeing the listing online. The estimate visit took about thirty minutes.,2,0,0,2.5,30
sample_rev_00168,sample_biz_005,General Pros 005 (SAMPLE),"Home Services, Contractors, Handyman",Tucson,AZ,3,2021-03-02 00:00:00,Price gouging after they said it was an emergency. They were a little late but the quality of the repair was good. The appointment was scheduled for a Tuesday morning.,2,0,0,2.5,48
sample_rev_00286,sample_biz_010,HVAC Pros 010 (SAMPLE),"Home Services, Heating & Air Conditioning/HVAC",Tucson,AZ,4,2016-08-28 00:00:00,The estimate visit took about thirty minutes. We have lived here for about six years. Great service from start to finish and I would recommend them to anyone.,1,0,0,4.0,48
sample_rev_00894,sample_biz_031,Landscaping Pros 031 (SAMPLE),"Home Services, Landscaping, Tree Services",Tucson,AZ,5,2021-06-14 00:00:00,"Excellent communication, they called back within the hour. Very safe and careful, everything was done to code and permitted. They gave a lifetime warranty on the parts. We have lived here for about six years.",2,0,0,4.0,48
sample_rev_00382,sample_biz_014,Home Pros 014 (SAMPLE),"Home Services, Home Cleaning, Carpet Cleaning",Tucson,AZ,4,2019-07-09 00:00:00,"Very safe and careful, everything was done to code and permitted. The appointment was scheduled for a Tuesday morning.",1,0,1,4.5,30
sample_rev_00617,sample_biz_022,Home Pros 022 (SAMPLE),"Home Services, Home Cleaning, Carpet Cleaning",Tucson,AZ,4,2017-11-02 00:00:00,"The technician was friendly, professional and explained everything clearly. Excellent communication, they called back within the hour. I will definitely use them again for the next project.",2,1,0,3.5,30
sample_rev_00817,sample_biz_029,General Pros 029 (SAMPLE),"Home Services, Contractors, Handyman",Tucson,AZ,5,2020-06-22 00:00:00,"They arrived on time and finished the job faster than expected. Very safe and careful, everything was done to code and permitted.",2,0,0,2.5,8
sample_rev_00405,sample_biz_015,Landscaping Pros 015 (SAMPLE),"Home Services, Landscaping, Tree Services",Tucson,AZ,4,2017-12-31 00:00:00,"We called them after seeing the listing online. Excellent communication, they called back within the hour.",3,1,0,4.0,24
sample_rev_00467,sample_biz_016,Plumbing Pros 016 (SAMPLE),"Home Services, Plumbing, Water Heater Installation/Repair",Tucson,AZ,5,2021-08-08 00:00:00,Fair price and no surprises on the final bill. Great service from start to finish and I would recommend them to anyone. The estimate visit took about thirty minutes. The appointment was scheduled for a Tuesday morning. I will definitely use them again for the next project.,0,0,0,4.0,48
sample_rev_00096,sample_biz_002,HVAC Pros 002 (SAMPLE),"Home Services, Heating & Air Conditioning/HVAC",Tucson,AZ,4,2020-10-18 00:00:00,He left the job unfinished and never came back. We called them after seeing the listing online. Would not recommend.,0,0,0,4.5,36
sample_rev_00816,sample_biz_029,General Pros 029 (SAMPLE),"Home Services, Contractors, Handyman",Tucson,AZ,2,2019-11-16 00:00:00,"Shoddy workmanship, I had to hire someone else to redo the whole job. It was a two story house in the foothills. The estimate visit took about thirty minutes.",2,0,0,2.5,8
sample_rev_00031,sample_biz_001,Electricians Pros 001 (SAMPLE),"Home Services, Electricians, Lighting Fixtures & Equipment",Tucson,AZ,1,2019-03-16 00:00:00,The unlicensed crew left the roof unsafe and water came through. It was a two story house in the foothills. The estimate visit took about thirty minutes.,1,0,0,3.5,48
sample_rev_00174,sample_biz_005,General Pros 005 (SAMPLE),"Home Services, Contractors, Handyman",Tucson,AZ,2,2021-06-22 00:00:00,"The appointment was scheduled for a Tuesday morning. Constant delays, they rescheduled four times. The repair did not fix the problem and they left a huge mess behind.",0,0,0,2.5,48
sample_rev_00864,sample_biz_031,Landscaping Pros 031 (SAMPLE),"Home Services, Landscaping, Tree Services",Tucson,AZ,5,2019-01-11 00:00:00,"Very safe and careful, everything was done to code and permitted. We called them after seeing the listing online. Quick response, quality work and a very reasonable estimate. The technician was friendly, professional and explained everything clearly. The appointment was scheduled for a Tuesday morning.",1,1,1,4.0,48
sample_rev_00979,sample_biz_034,HVAC Pros 034 (SAMPLE),"Home Services, Heating & Air Conditioning/HVAC",Tucson,AZ,5,2020-10-07 00:00:00,Great service from start to finish and I would recommend them to anyone. Fair price and no surprises on the final bill. They honored the warranty without any hassle which I really appreciated.,3,0,2,2.0,8
sample_rev_00465,sample_biz_016,Plumbing Pros 016 (SAMPLE),"Home Services, Plumbing, Water Heater Installation/Repair",Tucson,AZ,5,2021-06-26 00:00:00,We have lived here for about six years. The appointment was scheduled for a Tuesday morning. I will definitely use them again for the next project.,2,1,1,4.0,48
sample_rev_00170,sample_biz_005,General Pros 005 (SAMPLE),"Home Services, Contractors, Handyman",Tucson,AZ,1,2021-03-30 00:00:00,I waited all day and the technician arrived after dark. They botched the install and the finish is crooked and cracked. The estimate visit took about thirty minutes.,1,0,0,2.5,48
sample_rev_00868,sample_biz_031,Landscaping Pros 031 (SAMPLE),"Home Services, Landscaping, Tree Services",Tucson,AZ,5,2019-06-18 00:00:00,Great service from start to finish and I would recommend them to anyone. They honored the warranty without any hassle which I really appreciated.,0,0,1,4.0,48
sample_rev_00371,sample_biz_013,General Pros 013 (SAMPLE),"Home Services, Contractors, Handyman",Tucson,AZ,4,2021-09-06 00:00:00,"The appointment was scheduled for a Tuesday morning. I will definitely use them again for the next project. Quick response, quality work and a very reasonable estimate. No hidden fees, the quote matched the invoice exactly.",0,0,0,4.0,8
sample_rev_00274,sample_biz_008,Plumbing Pros 008 (SAMPLE),"Home Services, Plumbing, Water Heater Installation/Repair",Tucson,AZ,3,2021-12-15 00:00:00,I will definitely use them again for the next project. The work itself was decent but the communication could have been better. The estimate visit took about thirty minutes.,1,0,0,3.0,60
sample_rev_00088,sample_biz_002,HVAC Pros 002 (SAMPLE),"Home Services, Heating & Air Conditioning/HVAC",Tucson,AZ,5,2019-08-27 00:00:00,The work looks fantastic and they cleaned up completely.,0,0,0,4.5,36
sample_rev_00732,sample_biz_026,HVAC Pros 026 (SAMPLE),"Home Services, Heating & Air Conditioning/HVAC",Tucson,AZ,5,2019-11-18 00:00:00,He stayed on schedule and kept me updated by text. I will definitely use them again for the next project. We called them after seeing the listing online. Great service from start to finish and I would recommend them to anyone. The estimate visit took about thirty minutes. Fair price and no surprises on the final bill.,0,0,0,3.0,60
sample_rev_00842,sample_biz_030,Home Pros 030 (SAMPLE),"Home Services, Home Cleaning, Carpet Cleaning",Tucson,AZ,3,2020-10-24 00:00:00,They arrived on time and finished the job faster than expected. We called them after seeing the listing online. They were a little late but the quality of the repair was good.,1,1,1,2.5,30
sample_rev_00738,sample_biz_026,HVAC Pros 026 (SAMPLE),"Home Services, Heating & Air Conditioning/HVAC",Tucson,AZ,5,2020-01-16 00:00:00,Fair price and no surprises on the final bill. It was a two story house in the foothills.,0,1,0,3.0,60
sample_rev_00914,sample_biz_032,Plumbing Pros 032 (SAMPLE),"Home Services, Plumbing, Water Heater Installation/Repair",Tucson,AZ,5,2018-09-14 00:00:00,"It was a two story house in the foothills. Quick response, quality work and a very reasonable estimate. The technician was friendly, professional and explained everything clearly. The estimate visit took about thirty minutes. They arrived on time and finished the job faster than expected.",2,0,0,4.0,60
sample_rev_01003,sample_biz_035,Roofing Pros 035 (SAMPLE),"Home Services, Roofing, Contractors",Tucson,AZ,5,2019-02-06 00:00:00,"The technician was friendly, professional and explained everything clearly. The appointment was scheduled for a Tuesday morning.",1,0,0,4.5,60
sample_rev_00275,sample_biz_008,Plumbing Pros 008 (SAMPLE),"Home Services, Plumbing, Water Heater Installation/Repair",Tucson,AZ,2,2021-12-27 00:00:00,I waited all day and the technician arrived after dark. The crew was a no show on the day of the appointment. We have lived here for about six years.,1,0,1,3.0,60
sample_rev_00718,sample_biz_026,HVAC Pros 026 (SAMPLE),"Home Services, Heating & Air Conditioning/HVAC",Tucson,AZ,2,2018-06-11 00:00:00,After two missed appointments I gave up on them. We called them after seeing the listing online. We have lived here for about six years.,0,0,1,3.0,60
sample_rev_00231,sample_biz_008,Plumbing Pros 008 (SAMPLE),"Home Services, Plumbing, Water Heater Installation/Repair",Tucson,AZ,2,2018-09-17 00:00:00,"The technician was friendly, professional and explained everything clearly. Great service from start to finish and I would recommend them to anyone. Very safe and careful, everything was done to code and permitted.",0,0,0,3.0,60
sample_rev_00541,sample_biz_019,Roofing Pros 019 (SAMPLE),"Home Services, Roofing, Contractors",Tucson,AZ,1,2020-04-01 00:00:00,The estimate visit took about thirty minutes. The crew was a no show on the day of the appointment.,0,0,0,3.0,60
sample_rev_00727,sample_biz_026,HVAC Pros 026 (SAMPLE),"Home Services, Heating & Air Conditioning/HVAC",Tucson,AZ,1,2019-02-17 00:00:00,We called them after seeing the listing online. The crew was a no show on the day of the appointment.,1,0,0,3.0,60
sample_rev_00782,sample_biz_027,Roofing Pros 027 (SAMPLE),"Home Services, Roofing, Contractors",Tucson,AZ,5,2021-10-11 00:00:00,They honored the warranty without any hassle which I really appreciated.,2,0,0,3.5,14
sample_rev_00867,sample_biz_031,Landscaping Pros 031 (SAMPLE),"Home Services, Landscaping, Tree Services",Tucson,AZ,5,2019-04-15 00:00:00,"Quick response, quality work and a very reasonable estimate. I will definitely use them again for the next project. The work looks fantastic and they cleaned up completely.",0,0,0,4.0,48
sample_rev_00010,sample_biz_000,Plumbing Pros 000 (SAMPLE),"Home Services, Plumbing, Water Heater Installation/Repair",Tucson,AZ,2,2019-09-14 00:00:00,The estimate visit took about thirty minutes. The appointment was scheduled for a Tuesday morning. The work was sloppy and the pipe is still leaking again after they left.,1,0,0,3.5,24
sample_rev_00801,sample_biz_028,Movers Pros 028 (SAMPLE),"Home Services, Movers, Packing Services",Tucson,AZ,5,2021-03-13 00:00:00,"Fair price and no surprises on the final bill. It was a two story house in the foothills. They were not late at all, which was a nice change. They arrived on time and finished the job faster than expected. The appointment was scheduled for a Tuesday morning.",0,0,0,3.5,30
sample_rev_01065,sample_biz_036,Movers Pros 036 (SAMPLE),"Home Services, Movers, Packing Services",Tucson,AZ,3,2020-02-04 00:00:00,"We called them after seeing the listing online. Good crew overall, although the price was a bit higher than I expected. Excellent communication, they called back within the hour.",1,1,0,4.0,36
sample_rev_01010,sample_biz_035,Roofing Pros 035 (SAMPLE),"Home Services, Roofing, Contractors",Tucson,AZ,4,2019-12-12 00:00:00,"Excellent communication, they called back within the hour. The technician was friendly, professional and explained everything clearly. They gave a lifetime warranty on the parts. We have lived here for about six years. The estimate visit took about thirty minutes.",1,0,0,4.5,60
sample_rev_00059,sample_biz_001,Electricians Pros 001 (SAMPLE),"Home Services, Electricians, Lighting Fixtures & Equipment",Tucson,AZ,1,2021-05-02 00:00:00,Would not recommend. They never showed up and did not even call to cancel. The appointment was scheduled for a Tuesday morning. The estimate visit took about thirty minutes.,3,0,1,3.5,48
sample_rev_01029,sample_biz_035,Roofing Pros 035 (SAMPLE),"Home Services, Roofing, Contractors",Tucson,AZ,5,2021-06-20 00:00:00,Fair price and no surprises on the final bill. We have lived here for about six years. We called them after seeing the listing online.,1,0,1,4.5,60
sample_rev_00707,sample_biz_025,Electricians Pros 025 (SAMPLE),"Home Services, Electricians, Lighting Fixtures & Equipment",Tucson,AZ,5,2021-11-10 00:00:00,The appointment was scheduled for a Tuesday morning. They left trash all over my yard and were disrespectful. The office ignored my messages and nobody returned my calls. It was a two story house in the foothills.,2,1,0,3.5,14
sample_rev_01070,sample_biz_036,Movers Pros 036 (SAMPLE),"Home Services, Movers, Packing Services",Tucson,AZ,2,2021-01-04 00:00:00,"The quote doubled once they started, classic bait and switch. It was a two story house in the foothills.",1,0,0,4.0,36
sample_rev_00218,sample_biz_008,Plumbing Pros 008 (SAMPLE),"Home Services, Plumbing, Water Heater Installation/Repair",Tucson,AZ,5,2016-10-05 00:00:00,"The estimate visit took about thirty minutes. They gave a lifetime warranty on the parts. It was a two story house in the foothills. The technician was friendly, professional and explained everything clearly. Excellent communication, they called back within the hour. They arrived on time and finished the job faster than expected.",0,0,0,3.0,60
sample_rev_00926,sample_biz_032,Plumbing Pros 032 (SAMPLE),"Home Services, Plumbing, Water Heater Installation/Repair",Tucson,AZ,5,2019-12-07 00:00:00,We have lived here for about six years. They arrived on time and finished the job faster than expected. I will definitely use them again for the next project. Fair price and no surprises on the final bill.,0,0,0,4.0,60
sample_rev_00745,sample_biz_026,HVAC Pros 026 (SAMPLE),"Home Services, Heating & Air Conditioning/HVAC",Tucson,AZ,2,2020-06-04 00:00:00,We have lived here for about six years. He left the job unfinished and never came back.,1,0,0,3.0,60
sample_rev_00542,sample_biz_019,Roofing Pros 019 (SAMPLE),"Home Services, Roofing, Contractors",Tucson,AZ,2,2020-04-20 00:00:00,Zero communication and no response to my emails. The appointment was scheduled for a Tuesday morning. The estimate visit took about thirty minutes.,1,0,0,3.0,60
sample_rev_00561,sample_biz_019,Roofing Pros 019 (SAMPLE),"Home Services, Roofing, Contractors",Tucson,AZ,2,2021-05-11 00:00:00,"Would not recommend. Shoddy workmanship, I had to hire someone else to redo the whole job. The estimate visit took about thirty minutes. We have lived here for about six years.",1,0,0,3.0,60
sample_rev_00756,sample_biz_026,HVAC Pros 026 (SAMPLE),"Home Services, Heating & Air Conditioning/HVAC",Tucson,AZ,3,2021-02-12 00:00:00,They were a little late but the quality of the repair was good. The estimate visit took about thirty minutes. Fair price and no surprises on the final bill.,3,0,3,3.0,60
sample_rev_00553,sample_biz_019,Roofing Pros 019 (SAMPLE),"Home Services, Roofing, Contractors",Tucson,AZ,2,2020-12-18 00:00:00,We called them after seeing the listing online. We have lived here for about six years. Price gouging after they said it was an emergency.,2,0,1,3.0,60
sample_rev_00355,sample_biz_011,Roofing Pros 011 (SAMPLE),"Home Services, Roofing, Contractors",Tucson,AZ,1,2021-12-20 00:00:00,Zero communication and no response to my emails. The estimate visit took about thirty minutes. The crew was a no show on the day of the appointment. We called them after seeing the listing online.,2,0,0,3.0,24
sample_rev_01122,sample_biz_038,Home Pros 038 (SAMPLE),"Home Services, Home Cleaning, Carpet Cleaning",Tucson,AZ,5,2020-02-16 00:00:00,"Quick response, quality work and a very reasonable estimate. Excellent communication, they called back within the hour.",1,0,0,4.0,36
sample_rev_00380,sample_biz_014,Home Pros 014 (SAMPLE),"Home Services, Home Cleaning, Carpet Cleaning",Tucson,AZ,5,2019-04-23 00:00:00,"I will definitely use them again for the next project. Fair price and no surprises on the final bill. Very safe and careful, everything was done to code and permitted.",1,0,0,4.5,30
sample_rev_00715,sample_biz_026,HVAC Pros 026 (SAMPLE),"Home Services, Heating & Air Conditioning/HVAC",Tucson,AZ,1,2018-04-10 00:00:00,I will definitely use them again for the next project. They honored the warranty without any hassle which I really appreciated.,1,0,0,3.0,60
sample_rev_00859,sample_biz_031,Landscaping Pros 031 (SAMPLE),"Home Services, Landscaping, Tree Services",Tucson,AZ,3,2018-01-17 00:00:00,"Great service from start to finish and I would recommend them to anyone. Good crew overall, although the price was a bit higher than I expected. The estimate visit took about thirty minutes.",0,0,0,4.0,48
sample_rev_00277,sample_biz_009,Electricians Pros 009 (SAMPLE),"Home Services, Electricians, Lighting Fixtures & Equipment",Tucson,AZ,2,2018-03-18 00:00:00,It was a two story house in the foothills. They never showed up and did not even call to cancel.,0,0,0,3.0,8
sample_rev_00903,sample_biz_032,Plumbing Pros 032 (SAMPLE),"Home Services, Plumbing, Water Heater Installation/Repair",Tucson,AZ,2,2017-04-25 00:00:00,"Constant delays, they rescheduled four times. It was a two story house in the foothills. Hidden fees everywhere, it felt like a complete rip off.",3,1,1,4.0,60
sample_rev_00869,sample_biz_031,Landscaping Pros 031 (SAMPLE),"Home Services, Landscaping, Tree Services",Tucson,AZ,1,2019-08-22 00:00:00,We called them after seeing the listing online. Price gouging after they said it was an emergency.,3,0,0,4.0,48
sample_rev_00701,sample_biz_025,Electricians Pros 025 (SAMPLE),"Home Services, Electricians, Lighting Fixtures & Equipment",Tucson,AZ,1,2019-09-20 00:00:00,"Constant delays, they rescheduled four times. Zero communication and no response to my emails. We called them after seeing the listing online.",0,0,0,3.5,14
sample_rev_00425,sample_biz_015,Landscaping Pros 015 (SAMPLE),"Home Services, Landscaping, Tree Services",Tucson,AZ,5,2022-01-03 00:00:00,The work looks fantastic and they cleaned up completely. Fair price and no surprises on the final bill.,1,0,0,4.0,24
sample_rev_00536,sample_biz_019,Roofing Pros 019 (SAMPLE),"Home Services, Roofing, Contractors",Tucson,AZ,2,2019-12-07 00:00:00,We called them after seeing the listing online. The unlicensed crew left the roof unsafe and water came through.,0,0,0,3.0,60
sample_rev_00670,sample_biz_024,Plumbing Pros 024 (SAMPLE),"Home Services, Plumbing, Water Heater Installation/Repair",Tucson,AZ,2,2019-06-29 00:00:00,The estimate visit took about thirty minutes. They showed up three hours late and then left early. Terrible attitude and a dirty truck full of garbage.,2,0,1,2.5,36
sample_rev_00857,sample_biz_031,Landscaping Pros 031 (SAMPLE),"Home Services, Landscaping, Tree Services",Tucson,AZ,4,2017-04-20 00:00:00,"It was a two story house in the foothills. Quick response, quality work and a very reasonable estimate. We called them after seeing the listing online.",0,0,0,4.0,48
sample_rev_00342,sample_biz_011,Roofing Pros 011 (SAMPLE),"Home Services, Roofing, Contractors",Tucson,AZ,3,2020-07-21 00:00:00,It was a two story house in the foothills. The technician was rude and dismissive when I asked questions. They were a little late but the quality of the repair was good.,3,1,1,3.0,24
sample_rev_00411,sample_biz_015,Landscaping Pros 015 (SAMPLE),"Home Services, Landscaping, Tree Services",Tucson,AZ,3,2019-11-22 00:00:00,They overcharged me and the final bill was $600 more than quoted. We called them after seeing the listing online. They were a little late but the quality of the repair was good.,1,0,0,4.0,24
sample_rev_00818,sample_biz_029,General Pros 029 (SAMPLE),"Home Services, Contractors, Handyman",Tucson,AZ,4,2020-10-15 00:00:00,"Excellent communication, they called back within the hour. They arrived on time and finished the job faster than expected.",0,0,1,2.5,8
sample_rev_00497,sample_biz_018,HVAC Pros 018 (SAMPLE),"Home Services, Heating & Air Conditioning/HVAC",Tucson,AZ,5,2019-01-03 00:00:00,"They arrived on time and finished the job faster than expected. The appointment was scheduled for a Tuesday morning. The estimate visit took about thirty minutes. Excellent communication, they called back within the hour.",0,0,0,2.5,24
sample_rev_00083,sample_biz_002,HVAC Pros 002 (SAMPLE),"Home Services, Heating & Air Conditioning/HVAC",Tucson,AZ,5,2018-08-16 00:00:00,We called them after seeing the listing online. The estimate visit took about thirty minutes. They honored the warranty without any hassle which I really appreciated.,2,0,0,4.5,36
sample_rev_00199,sample_biz_006,Home Pros 006 (SAMPLE),"Home Services, Home Cleaning, Carpet Cleaning",Tucson,AZ,5,2021-07-13 00:00:00,We called them after seeing the listing online. I will definitely use them again for the next project. We have lived here for about six years.,3,0,0,2.5,24
sample_rev_00597,sample_biz_021,General Pros 021 (SAMPLE),"Home Services, Contractors, Handyman",Tucson,AZ,3,2019-09-26 00:00:00,We have lived here for about six years. They were a little late but the quality of the repair was good. They refused to honor the warranty when it broke a week later.,0,1,0,3.0,36
sample_rev_00290,sample_biz_010,HVAC Pros 010 (SAMPLE),"Home Services, Heating & Air Conditioning/HVAC",Tucson,AZ,2,2017-11-15 00:00:00,They showed up three hours late and then left early. It was a two story house in the foothills.,0,0,0,4.0,48
sample_rev_01015,sample_biz_035,Roofing Pros 035 (SAMPLE),"Home Services, Roofing, Contractors",Tucson,AZ,4,2020-06-14 00:00:00,They arrived on time and finished the job faster than expected.,1,1,0,4.5,60
sample_rev_01151,sample_biz_039,Landscaping Pros 039 (SAMPLE),"Home Services, Landscaping, Tree Services",Tucson,AZ,5,2018-05-04 00:00:00,We called them after seeing the listing online. Great service from start to finish and I would recommend them to anyone. We have lived here for about six years.,1,1,0,3.5,30
sample_rev_00757,sample_biz_026,HVAC Pros 026 (SAMPLE),"Home Services, Heating & Air Conditioning/HVAC",Tucson,AZ,5,2021-02-16 00:00:00,"The estimate visit took about thirty minutes. Very safe and careful, everything was done to code and permitted. We have lived here for about six years. The technician was friendly, professional and explained everything clearly.",1,0,0,3.0,60
sample_rev_00376,sample_biz_014,Home Pros 014 (SAMPLE),"Home Services, Home Cleaning, Carpet Cleaning",Tucson,AZ,3,2018-03-05 00:00:00,They were a little late but the quality of the repair was good. The appointment was scheduled for a Tuesday morning. The unlicensed crew left the roof unsafe and water came through.,0,0,0,4.5,30
sample_rev_00358,sample_biz_012,Movers Pros 012 (SAMPLE),"Home Services, Movers, Packing Services",Tucson,AZ,1,2020-06-25 00:00:00,The appointment was scheduled for a Tuesday morning. Zero communication and no response to my emails.,1,0,0,3.0,8
sample_rev_01169,sample_biz_039,Landscaping Pros 039 (SAMPLE),"Home Services, Landscaping, Tree Services",Tucson,AZ,1,2021-07-27 00:00:00,We have lived here for about six years. They never called back despite five voicemails.,0,0,0,3.5,30
sample_rev_01093,sample_biz_037,General Pros 037 (SAMPLE),"Home Services, Contractors, Handyman",Tucson,AZ,5,2020-05-24 00:00:00,They arrived on time and finished the job faster than expected. They honored the warranty without any hassle which I really appreciated.,0,0,0,4.0,30
sample_rev_00812,sample_biz_028,Movers Pros 028 (SAMPLE),"Home Services, Movers, Packing Services",Tucson,AZ,5,2021-12-14 00:00:00,"Quick response, quality work and a very reasonable estimate. Very safe and careful, everything was done to code and permitted. It was a two story house in the foothills. Excellent communication, they called back within the hour.",0,0,0,3.5,30
sample_rev_01007,sample_biz_035,Roofing Pros 035 (SAMPLE),"Home Services, Roofing, Contractors",Tucson,AZ,4,2019-05-28 00:00:00,"Very safe and careful, everything was done to code and permitted.",1,0,0,4.5,60
sample_rev_00309,sample_biz_010,HVAC Pros 010 (SAMPLE),"Home Services, Heating & Air Conditioning/HVAC",Tucson,AZ,5,2020-09-28 00:00:00,We have lived here for about six years. We called them after seeing the listing online. Great service from start to finish and I would recommend them to anyone.,0,1,1,4.0,48
sample_rev_00076,sample_biz_002,HVAC Pros 002 (SAMPLE),"Home Services, Heating & Air Conditioning/HVAC",Tucson,AZ,5,2017-05-07 00:00:00,"I will definitely use them again for the next project. We called them after seeing the listing online. Excellent communication, they called back within the hour. Very safe and careful, everything was done to code and permitted. We have lived here for about six years.",0,0,1,4.5,36
sample_rev_00706,sample_biz_025,Electricians Pros 025 (SAMPLE),"Home Services, Electricians, Lighting Fixtures & Equipment",Tucson,AZ,5,2021-02-15 00:00:00,"I will definitely use them again for the next project. The appointment was scheduled for a Tuesday morning. The work looks fantastic and they cleaned up completely. The technician was friendly, professional and explained everything clearly.",0,0,0,3.5,14
sample_rev_00138,sample_biz_005,General Pros 005 (SAMPLE),"Home Services, Contractors, Handyman",Tucson,AZ,1,2018-06-09 00:00:00,"We have lived here for about six years. The technician was rude and dismissive when I asked questions. Constant delays, they rescheduled four times. They botched the install and the finish is crooked and cracked.",0,0,0,2.5,48
sample_rev_00538,sample_biz_019,Roofing Pros 019 (SAMPLE),"Home Services, Roofing, Contractors",Tucson,AZ,5,2020-01-04 00:00:00,"Quick response, quality work and a very reasonable estimate. Great service from start to finish and I would recommend them to anyone. Very safe and careful, everything was done to code and permitted.",3,0,0,3.0,60
sample_rev_00649,sample_biz_023,Landscaping Pros 023 (SAMPLE),"Home Services, Landscaping, Tree Services",Tucson,AZ,3,2018-03-20 00:00:00,"Very safe and careful, everything was done to code and permitted. They were a little late but the quality of the repair was good. We called them after seeing the listing online.",0,1,0,2.5,14
sample_rev_00946,sample_biz_032,Plumbing Pros 032 (SAMPLE),"Home Services, Plumbing, Water Heater Installation/Repair",Tucson,AZ,5,2021-02-05 00:00:00,"No hidden fees, the quote matched the invoice exactly. We called them after seeing the listing online. I will definitely use them again for the next project. Quick response, quality work and a very reasonable estimate. Great service from start to finish and I would recommend them to anyone. It was a two story house in the foothills.",0,0,0,4.0,60
sample_rev_00063,sample_biz_001,Electricians Pros 001 (SAMPLE),"Home Services, Electricians, Lighting Fixtures & Equipment",Tucson,AZ,1,2021-05-21 00:00:00,The repair did not fix the problem and they left a huge mess behind. We called them after seeing the listing online. It was a two story house in the foothills.,2,0,0,3.5,48
sample_rev_00141,sample_biz_005,General Pros 005 (SAMPLE),"Home Services, Contractors, Handyman",Tucson,AZ,1,2018-09-13 00:00:00,"The estimate visit took about thirty minutes. Shoddy workmanship, I had to hire someone else to redo the whole job. After two missed appointments I gave up on them. Constant delays, they rescheduled four times.",0,0,0,2.5,48
sample_rev_00522,sample_biz_019,Roofing Pros 019 (SAMPLE),"Home Services, Roofing, Contractors",Tucson,AZ,1,2018-04-16 00:00:00,The work was sloppy and the pipe is still leaking again after they left. We called them after seeing the listing online.,2,1,0,3.0,60
sample_rev_00352,sample_biz_011,Roofing Pros 011 (SAMPLE),"Home Services, Roofing, Contractors",Tucson,AZ,5,2021-08-05 00:00:00,"Quick response, quality work and a very reasonable estimate.",1,0,1,3.0,24
sample_rev_00513,sample_biz_019,Roofing Pros 019 (SAMPLE),"Home Services, Roofing, Contractors",Tucson,AZ,5,2017-03-16 00:00:00,"Excellent communication, they called back within the hour. We called them after seeing the listing online. We have lived here for about six years.",1,0,1,3.0,60
sample_rev_00139,sample_biz_005,General Pros 005 (SAMPLE),"Home Services, Contractors, Handyman",Tucson,AZ,2,2018-06-14 00:00:00,"We have lived here for about six years. They botched the install and the finish is crooked and cracked. Constant delays, they rescheduled four times. The technician was rude and dismissive when I asked questions.",1,1,0,2.5,48
sample_rev_00243,sample_biz_008,Plumbing Pros 008 (SAMPLE),"Home Services, Plumbing, Water Heater Installation/Repair",Tucson,AZ,5,2019-09-25 00:00:00,"They arrived on time and finished the job faster than expected. Excellent communication, they called back within the hour. No hidden fees, the quote matched the invoice exactly. Great service from start to finish and I would recommend them to anyone.",1,0,2,3.0,60
sample_rev_00899,sample_biz_031,Landscaping Pros 031 (SAMPLE),"Home Services, Landscaping, Tree Services",Tucson,AZ,1,2021-12-18 00:00:00,"We called them after seeing the listing online. The work looks fantastic and they cleaned up completely. Very safe and careful, everything was done to code and permitted. Quick response, quality work and a very reasonable estimate.",1,0,0,4.0,48
sample_rev_00429,sample_biz_016,Plumbing Pros 016 (SAMPLE),"Home Services, Plumbing, Water Heater Installation/Repair",Tucson,AZ,5,2017-05-26 00:00:00,They arrived on time and finished the job faster than expected.,0,0,0,4.0,48
sample_rev_00890,sample_biz_031,Landscaping Pros 031 (SAMPLE),"Home Services, Landscaping, Tree Services",Tucson,AZ,3,2021-03-01 00:00:00,"We called them after seeing the listing online. I will definitely use them again for the next project. Good crew overall, although the price was a bit higher than I expected.",2,0,1,4.0,48
sample_rev_00781,sample_biz_027,Roofing Pros 027 (SAMPLE),"Home Services, Roofing, Contractors",Tucson,AZ,3,2021-08-20 00:00:00,The work itself was decent but the communication could have been better. The appointment was scheduled for a Tuesday morning. The project took forever and was weeks behind schedule.,2,1,0,3.5,14
sample_rev_00244,sample_biz_008,Plumbing Pros 008 (SAMPLE),"Home Services, Plumbing, Water Heater Installation/Repair",Tucson,AZ,1,2019-12-10 00:00:00,The estimate visit took about thirty minutes. I waited all day and the technician arrived after dark. They overcharged me and the final bill was $600 more than quoted.,1,2,1,3.0,60
sample_rev_00486,sample_biz_017,Electricians Pros 017 (SAMPLE),"Home Services, Electricians, Lighting Fixtures & Equipment",Tucson,AZ,5,2021-11-04 00:00:00,"He stayed on schedule and kept me updated by text. The appointment was scheduled for a Tuesday morning. They arrived on time and finished the job faster than expected. Fair price and no surprises on the final bill. We have lived here for about six years. The technician was friendly, professional and explained everything clearly.",2,0,0,4.5,14
sample_rev_00905,sample_biz_032,Plumbing Pros 032 (SAMPLE),"Home Services, Plumbing, Water Heater Installation/Repair",Tucson,AZ,1,2017-06-18 00:00:00,The work looks fantastic and they cleaned up completely. They gave a lifetime warranty on the parts. They honored the warranty without any hassle which I really appreciated.,0,0,0,4.0,60
sample_rev_00367,sample_biz_013,General Pros 013 (SAMPLE),"Home Services, Contractors, Handyman",Tucson,AZ,5,2019-09-18 00:00:00,The office ignored my messages and nobody returned my calls. Would not recommend. The estimate visit took about thirty minutes. We called them after seeing the listing online.,2,0,0,4.0,8
sample_rev_00043,sample_biz_001,Electricians Pros 001 (SAMPLE),"Home Services, Electricians, Lighting Fixtures & Equipment",Tucson,AZ,2,2020-02-25 00:00:00,Price gouging after they said it was an emergency. The appointment was scheduled for a Tuesday morning.,2,1,2,3.5,48
sample_rev_00631,sample_biz_022,Home Pros 022 (SAMPLE),"Home Services, Home Cleaning, Carpet Cleaning",Tucson,AZ,4,2020-08-09 00:00:00,"I will definitely use them again for the next project. They honored the warranty without any hassle which I really appreciated. The technician was friendly, professional and explained everything clearly. The estimate visit took about thirty minutes.",1,0,0,3.5,30
sample_rev_00240,sample_biz_008,Plumbing Pros 008 (SAMPLE),"Home Services, Plumbing, Water Heater Installation/Repair",Tucson,AZ,3,2019-06-30 00:00:00,Great service from start to finish and I would recommend them to anyone. The work itself was decent but the communication could have been better. We called them after seeing the listing online.,1,0,1,3.0,60
sample_rev_01166,sample_biz_039,Landscaping Pros 039 (SAMPLE),"Home Services, Landscaping, Tree Services",Tucson,AZ,5,2021-05-27 00:00:00,"The work looks fantastic and they cleaned up completely. The technician was friendly, professional and explained everything clearly. The appointment was scheduled for a Tuesday morning. We have lived here for about six years.",0,0,0,3.5,30
sample_rev_00135,sample_biz_005,General Pros 005 (SAMPLE),"Home Services, Contractors, Handyman",Tucson,AZ,5,2018-02-25 00:00:00,"It was a two story house in the foothills. They botched the install and the finish is crooked and cracked. Constant delays, they rescheduled four times.",0,0,0,2.5,48
sample_rev_00861,sample_biz_031,Landscaping Pros 031 (SAMPLE),"Home Services, Landscaping, Tree Services",Tucson,AZ,5,2018-06-07 00:00:00,Great service from start to finish and I would recommend them to anyone. I will definitely use them again for the next project. We called them after seeing the listing online. The work looks fantastic and they cleaned up completely.,1,0,1,4.0,48
sample_rev_00260,sample_biz_008,Plumbing Pros 008 (SAMPLE),"Home Services, Plumbing, Water Heater Installation/Repair",Tucson,AZ,1,2020-12-31 00:00:00,"We have lived here for about six years. They showed up three hours late and then left early. Would not recommend. Exposed wires and sparks from the panel, a real fire hazard. The appointment was scheduled for a Tuesday morning.",0,0,0,3.0,60
sample_rev_00594,sample_biz_021,General Pros 021 (SAMPLE),"Home Services, Contractors, Handyman",Tucson,AZ,3,2019-08-27 00:00:00,"It was a two story house in the foothills. Good crew overall, although the price was a bit higher than I expected. The technician was friendly, professional and explained everything clearly.",3,0,1,3.0,36
sample_rev_00184,sample_biz_006,Home Pros 006 (SAMPLE),"Home Services, Home Cleaning, Carpet Cleaning",Tucson,AZ,2,2018-10-03 00:00:00,Terrible attitude and a dirty truck full of garbage. We called them after seeing the listing online. Would not recommend. They never called back despite five voicemails. It was a two story house in the foothills.,2,0,0,2.5,24
sample_rev_00643,sample_biz_022,Home Pros 022 (SAMPLE),"Home Services, Home Cleaning, Carpet Cleaning",Tucson,AZ,5,2021-10-16 00:00:00,The technician was rude and dismissive when I asked questions. Would not recommend. We have lived here for about six years. The appointment was scheduled for a Tuesday morning.,1,0,0,3.5,30
sample_rev_00178,sample_biz_006,Home Pros 006 (SAMPLE),"Home Services, Home Cleaning, Carpet Cleaning",Tucson,AZ,1,2015-08-28 00:00:00,We have lived here for about six years. The appointment was scheduled for a Tuesday morning. They never called back despite five voicemails.,0,0,0,2.5,24
sample_rev_00739,sample_biz_026,HVAC Pros 026 (SAMPLE),"Home Services, Heating & Air Conditioning/HVAC",Tucson,AZ,5,2020-02-08 00:00:00,"Very safe and careful, everything was done to code and permitted. We have lived here for about six years. The technician was friendly, professional and explained everything clearly.",1,0,0,3.0,60
sample_rev_00720,sample_biz_026,HVAC Pros 026 (SAMPLE),"Home Services, Heating & Air Conditioning/HVAC",Tucson,AZ,1,2018-07-02 00:00:00,"It was a two story house in the foothills. He left the job unfinished and never came back. The quote doubled once they started, classic bait and switch.",0,1,1,3.0,60
sample_rev_00583,sample_biz_021,General Pros 021 (SAMPLE),"Home Services, Contractors, Handyman",Tucson,AZ,5,2018-01-04 00:00:00,"Fair price and no surprises on the final bill. They were not late at all, which was a nice change. It was a two story house in the foothills. We called them after seeing the listing online. Very safe and careful, everything was done to code and permitted.",1,1,0,3.0,36
sample_rev_01006,sample_biz_035,Roofing Pros 035 (SAMPLE),"Home Services, Roofing, Contractors",Tucson,AZ,2,2019-05-27 00:00:00,"We called them after seeing the listing online. Exposed wires and sparks from the panel, a real fire hazard.",1,1,0,4.5,60
sample_rev_00552,sample_biz_019,Roofing Pros 019 (SAMPLE),"Home Services, Roofing, Contractors",Tucson,AZ,3,2020-11-23 00:00:00,"Good crew overall, although the price was a bit higher than I expected. They left trash all over my yard and were disrespectful. It was a two story house in the foothills.",1,0,0,3.0,60
sample_rev_00078,sample_biz_002,HVAC Pros 002 (SAMPLE),"Home Services, Heating & Air Conditioning/HVAC",Tucson,AZ,3,2017-05-22 00:00:00,The work itself was decent but the communication could have been better. It was a two story house in the foothills. They left trash all over my yard and were disrespectful.,2,0,0,4.5,36
sample_rev_01039,sample_biz_035,Roofing Pros 035 (SAMPLE),"Home Services, Roofing, Contractors",Tucson,AZ,5,2021-11-29 00:00:00,They arrived on time and finished the job faster than expected. It was a two story house in the foothills.,1,0,0,4.5,60
sample_rev_00668,sample_biz_024,Plumbing Pros 024 (SAMPLE),"Home Services, Plumbing, Water Heater Installation/Repair",Tucson,AZ,3,2019-02-10 00:00:00,The estimate visit took about thirty minutes. They were a little late but the quality of the repair was good. They arrived on time and finished the job faster than expected.,0,0,1,2.5,36
sample_rev_00567,sample_biz_019,Roofing Pros 019 (SAMPLE),"Home Services, Roofing, Contractors",Tucson,AZ,5,2021-11-02 00:00:00,"No hidden fees, the quote matched the invoice exactly. The technician was friendly, professional and explained everything clearly.",1,0,0,3.0,60
sample_rev_00289,sample_biz_010,HVAC Pros 010 (SAMPLE),"Home Services, Heating & Air Conditioning/HVAC",Tucson,AZ,4,2017-07-28 00:00:00,Fair price and no surprises on the final bill.,0,0,1,4.0,48
sample_rev_01088,sample_biz_037,General Pros 037 (SAMPLE),"Home Services, Contractors, Handyman",Tucson,AZ,5,2019-05-24 00:00:00,I will definitely use them again for the next project. They honored the warranty without any hassle which I really appreciated. We called them after seeing the listing online. Great service from start to finish and I would recommend them to anyone.,1,0,0,4.0,30
sample_rev_00296,sample_biz_010,HVAC Pros 010 (SAMPLE),"Home Services, Heating & Air Conditioning/HVAC",Tucson,AZ,4,2018-11-21 00:00:00,"Excellent communication, they called back within the hour. Fair price and no surprises on the final bill. They arrived on time and finished the job faster than expected. It was a two story house in the foothills. We called them after seeing the listing online.",1,0,0,4.0,48
sample_rev_00953,sample_biz_032,Plumbing Pros 032 (SAMPLE),"Home Services, Plumbing, Water Heater Installation/Repair",Tucson,AZ,2,2021-08-27 00:00:00,"Constant delays, they rescheduled four times. The quote doubled once they started, classic bait and switch. The appointment was scheduled for a Tuesday morning. Would not recommend. The estimate visit took about thirty minutes.",0,0,0,4.0,60
sample_rev_00959,sample_biz_032,Plumbing Pros 032 (SAMPLE),"Home Services, Plumbing, Water Heater Installation/Repair",Tucson,AZ,5,2021-12-30 00:00:00,"We have lived here for about six years. We called them after seeing the listing online. The technician was friendly, professional and explained everything clearly.",2,0,1,4.0,60
sample_rev_00802,sample_biz_028,Movers Pros 028 (SAMPLE),"Home Services, Movers, Packing Services",Tucson,AZ,4,2021-03-23 00:00:00,"The appointment was scheduled for a Tuesday morning. It was a two story house in the foothills. He stayed on schedule and kept me updated by text. They arrived on time and finished the job faster than expected. Fair price and no surprises on the final bill. Quick response, quality work and a very reasonable estimate.",0,0,0,3.5,30
sample_rev_01111,sample_biz_038,Home Pros 038 (SAMPLE),"Home Services, Home Cleaning, Carpet Cleaning",Tucson,AZ,5,2018-02-23 00:00:00,We called them after seeing the listing online. They arrived on time and finished the job faster than expected.,2,0,0,4.0,36
sample_rev_00039,sample_biz_001,Electricians Pros 001 (SAMPLE),"Home Services, Electricians, Lighting Fixtures & Equipment",Tucson,AZ,5,2019-12-06 00:00:00,"They were not late at all, which was a nice change. Great service from start to finish and I would recommend them to anyone.",0,2,1,3.5,48
sample_rev_00030,sample_biz_001,Electricians Pros 001 (SAMPLE),"Home Services, Electricians, Lighting Fixtures & Equipment",Tucson,AZ,5,2018-12-17 00:00:00,"They arrived on time and finished the job faster than expected. Very safe and careful, everything was done to code and permitted. The appointment was scheduled for a Tuesday morning. The estimate visit took about thirty minutes.",2,0,0,3.5,48
sample_rev_00242,sample_biz_008,Plumbing Pros 008 (SAMPLE),"Home Services, Plumbing, Water Heater Installation/Repair",Tucson,AZ,5,2019-09-02 00:00:00,"We have lived here for about six years. The technician was friendly, professional and explained everything clearly. The work looks fantastic and they cleaned up completely. They honored the warranty without any hassle which I really appreciated.",0,0,0,3.0,60
sample_rev_00427,sample_biz_016,Plumbing Pros 016 (SAMPLE),"Home Services, Plumbing, Water Heater Installation/Repair",Tucson,AZ,5,2017-01-08 00:00:00,"Great service from start to finish and I would recommend them to anyone. They honored the warranty without any hassle which I really appreciated. The technician was friendly, professional and explained everything clearly. The estimate visit took about thirty minutes.",2,0,0,4.0,48
sample_rev_00136,sample_biz_005,General Pros 005 (SAMPLE),"Home Services, Contractors, Handyman",Tucson,AZ,4,2018-06-01 00:00:00,"Very safe and careful, everything was done to code and permitted. It was a two story house in the foothills. They honored the warranty without any hassle which I really appreciated.",1,0,0,2.5,48
sample_rev_01078,sample_biz_037,General Pros 037 (SAMPLE),"Home Services, Contractors, Handyman",Tucson,AZ,5,2016-02-01 00:00:00,"We called them after seeing the listing online. They arrived on time and finished the job faster than expected. The estimate visit took about thirty minutes. No hidden fees, the quote matched the invoice exactly.",0,0,0,4.0,30
sample_rev_00673,sample_biz_024,Plumbing Pros 024 (SAMPLE),"Home Services, Plumbing, Water Heater Installation/Repair",Tucson,AZ,1,2020-02-10 00:00:00,"They never called back despite five voicemails. The estimate visit took about thirty minutes. Terrible attitude and a dirty truck full of garbage. Constant delays, they rescheduled four times. We called them after seeing the listing online.",0,0,0,2.5,36
sample_rev_00003,sample_biz_000,Plumbing Pros 000 (SAMPLE),"Home Services, Plumbing, Water Heater Installation/Repair",Tucson,AZ,5,2018-01-20 00:00:00,"They arrived on time and finished the job faster than expected. We have lived here for about six years. He stayed on schedule and kept me updated by text. Very safe and careful, everything was done to code and permitted. Fair price and no surprises on the final bill. The appointment was scheduled for a Tuesday morning.",1,0,0,3.5,24
sample_rev_00888,sample_biz_031,Landscaping Pros 031 (SAMPLE),"Home Services, Landscaping, Tree Services",Tucson,AZ,3,2021-02-10 00:00:00,"The technician was friendly, professional and explained everything clearly. The work itself was decent but the communication could have been better. The estimate visit took about thirty minutes.",0,0,0,4.0,48
sample_rev_00900,sample_biz_032,Plumbing Pros 032 (SAMPLE),"Home Services, Plumbing, Water Heater Installation/Repair",Tucson,AZ,5,2015-05-16 00:00:00,"The estimate visit took about thirty minutes. Very safe and careful, everything was done to code and permitted. Great service from start to finish and I would recommend them to anyone. He stayed on schedule and kept me updated by text.",1,0,0,4.0,60
sample_rev_01112,sample_biz_038,Home Pros 038 (SAMPLE),"Home Services, Home Cleaning, Carpet Cleaning",Tucson,AZ,5,2018-05-04 00:00:00,I will definitely use them again for the next project. The work looks fantastic and they cleaned up completely.,2,0,0,4.0,36
sample_rev_00783,sample_biz_027,Roofing Pros 027 (SAMPLE),"Home Services, Roofing, Contractors",Tucson,AZ,1,2022-01-08 00:00:00,The appointment was scheduled for a Tuesday morning. They never called back despite five voicemails. We called them after seeing the listing online.,0,0,1,3.5,14
sample_rev_00590,sample_biz_021,General Pros 021 (SAMPLE),"Home Services, Contractors, Handyman",Tucson,AZ,5,2019-02-10 00:00:00,"Excellent communication, they called back within the hour. I will definitely use them again for the next project. The technician was friendly, professional and explained everything clearly.",0,1,0,3.0,36
sample_rev_00413,sample_biz_015,Landscaping Pros 015 (SAMPLE),"Home Services, Landscaping, Tree Services",Tucson,AZ,5,2020-03-07 00:00:00,"Very safe and careful, everything was done to code and permitted. We have lived here for about six years. Great service from start to finish and I would recommend them to anyone. The estimate visit took about thirty minutes.",0,0,0,4.0,24
sample_rev_00700,sample_biz_025,Electricians Pros 025 (SAMPLE),"Home Services, Electricians, Lighting Fixtures & Equipment",Tucson,AZ,1,2019-07-30 00:00:00,It was a two story house in the foothills. The office ignored my messages and nobody returned my calls. We called them after seeing the listing online.,0,0,0,3.5,14
sample_rev_00865,sample_biz_031,Landscaping Pros 031 (SAMPLE),"Home Services, Landscaping, Tree Services",Tucson,AZ,5,2019-03-08 00:00:00,The work looks fantastic and they cleaned up completely. We have lived here for about six years.,0,0,1,4.0,48
sample_rev_00100,sample_biz_002,HVAC Pros 002 (SAMPLE),"Home Services, Heating & Air Conditioning/HVAC",Tucson,AZ,5,2021-07-23 00:00:00,We have lived here for about six years. They honored the warranty without any hassle which I really appreciated.,2,0,0,4.5,36
sample_rev_00613,sample_biz_021,General Pros 021 (SAMPLE),"Home Services, Contractors, Handyman",Tucson,AZ,4,2021-11-18 00:00:00,The estimate visit took about thirty minutes. They gave a lifetime warranty on the parts. It was a two story house in the foothills. I will definitely use them again for the next project. They honored the warranty without any hassle which I really appreciated.,0,2,0,3.0,36
sample_rev_00462,sample_biz_016,Plumbing Pros 016 (SAMPLE),"Home Services, Plumbing, Water Heater Installation/Repair",Tucson,AZ,4,2021-02-23 00:00:00,"They arrived on time and finished the job faster than expected. They gave a lifetime warranty on the parts. Very safe and careful, everything was done to code and permitted. The work looks fantastic and they cleaned up completely.",2,1,0,4.0,48
sample_rev_00432,sample_biz_016,Plumbing Pros 016 (SAMPLE),"Home Services, Plumbing, Water Heater Installation/Repair",Tucson,AZ,4,2017-08-24 00:00:00,"Quick response, quality work and a very reasonable estimate. I will definitely use them again for the next project. Fair price and no surprises on the final bill.",1,0,0,4.0,48
sample_rev_00773,sample_biz_027,Roofing Pros 027 (SAMPLE),"Home Services, Roofing, Contractors",Tucson,AZ,5,2018-02-11 00:00:00,The appointment was scheduled for a Tuesday morning. Great service from start to finish and I would recommend them to anyone. We have lived here for about six years.,1,1,0,3.5,14
sample_rev_00762,sample_biz_026,HVAC Pros 026 (SAMPLE),"Home Services, Heating & Air Conditioning/HVAC",Tucson,AZ,5,2021-08-18 00:00:00,We called them after seeing the listing online. They gave a lifetime warranty on the parts. Fair price and no surprises on the final bill. I will definitely use them again for the next project. The estimate visit took about thirty minutes.,0,0,0,3.0,60
sample_rev_00423,sample_biz_015,Landscaping Pros 015 (SAMPLE),"Home Services, Landscaping, Tree Services",Tucson,AZ,3,2021-11-04 00:00:00,"Zero communication and no response to my emails. Good crew overall, although the price was a bit higher than I expected. We called them after seeing the listing online.",0,0,0,4.0,24
sample_rev_00485,sample_biz_017,Electricians Pros 017 (SAMPLE),"Home Services, Electricians, Lighting Fixtures & Equipment",Tucson,AZ,5,2021-10-20 00:00:00,"They arrived on time and finished the job faster than expected. Very safe and careful, everything was done to code and permitted. They honored the warranty without any hassle which I really appreciated.",0,0,0,4.5,14
sample_rev_00227,sample_biz_008,Plumbing Pros 008 (SAMPLE),"Home Services, Plumbing, Water Heater Installation/Repair",Tucson,AZ,1,2018-07-27 00:00:00,It was a two story house in the foothills. The project took forever and was weeks behind schedule. Terrible attitude and a dirty truck full of garbage. The estimate visit took about thirty minutes.,1,0,0,3.0,60
sample_rev_00308,sample_biz_010,HVAC Pros 010 (SAMPLE),"Home Services, Heating & Air Conditioning/HVAC",Tucson,AZ,5,2020-08-30 00:00:00,We have lived here for about six years. The work looks fantastic and they cleaned up completely. We called them after seeing the listing online.,1,0,0,4.0,48
sample_rev_00695,sample_biz_024,Plumbing Pros 024 (SAMPLE),"Home Services, Plumbing, Water Heater Installation/Repair",Tucson,AZ,2,2021-12-11 00:00:00,We have lived here for about six years. Would not recommend. Terrible attitude and a dirty truck full of garbage. I waited all day and the technician arrived after dark.,0,0,0,2.5,36
sample_rev_00614,sample_biz_021,General Pros 021 (SAMPLE),"Home Services, Contractors, Handyman",Tucson,AZ,3,2021-11-24 00:00:00,They were a little late but the quality of the repair was good. Zero communication and no response to my emails. We have lived here for about six years.,2,0,0,3.0,36
sample_rev_00913,sample_biz_032,Plumbing Pros 032 (SAMPLE),"Home Services, Plumbing, Water Heater Installation/Repair",Tucson,AZ,5,2018-08-31 00:00:00,"We called them after seeing the listing online. Very safe and careful, everything was done to code and permitted.",0,0,0,4.0,60
sample_rev_00066,sample_biz_001,Electricians Pros 001 (SAMPLE),"Home Services, Electricians, Lighting Fixtures & Equipment",Tucson,AZ,4,2021-07-26 00:00:00,"It was a two story house in the foothills. Very safe and careful, everything was done to code and permitted. They honored the warranty without any hassle which I really appreciated.",1,0,0,3.5,48
sample_rev_00067,sample_biz_001,Electricians Pros 001 (SAMPLE),"Home Services, Electricians, Lighting Fixtures & Equipment",Tucson,AZ,5,2021-08-17 00:00:00,"The technician was friendly, professional and explained everything clearly. We have lived here for about six years.",1,0,2,3.5,48
sample_rev_00292,sample_biz_010,HVAC Pros 010 (SAMPLE),"Home Services, Heating & Air Conditioning/HVAC",Tucson,AZ,5,2018-01-29 00:00:00,It was a two story house in the foothills. Fair price and no surprises on the final bill. The estimate visit took about thirty minutes.,2,0,0,4.0,48
sample_rev_00211,sample_biz_007,Landscaping Pros 007 (SAMPLE),"Home Services, Landscaping, Tree Services",Tucson,AZ,5,2020-04-11 00:00:00,The estimate visit took about thirty minutes. I will definitely use them again for the next project. We have lived here for about six years.,1,0,0,4.5,14
sample_rev_00012,sample_biz_000,Plumbing Pros 000 (SAMPLE),"Home Services, Plumbing, Water Heater Installation/Repair",Tucson,AZ,5,2019-12-20 00:00:00,The estimate visit took about thirty minutes. Fair price and no surprises on the final bill. They gave a lifetime warranty on the parts.,1,0,0,3.5,24
sample_rev_00461,sample_biz_016,Plumbing Pros 016 (SAMPLE),"Home Services, Plumbing, Water Heater Installation/Repair",Tucson,AZ,4,2021-02-17 00:00:00,"Excellent communication, they called back within the hour. No hidden fees, the quote matched the invoice exactly. The technician was friendly, professional and explained everything clearly. The work looks fantastic and they cleaned up completely.",1,0,0,4.0,48
sample_rev_00622,sample_biz_022,Home Pros 022 (SAMPLE),"Home Services, Home Cleaning, Carpet Cleaning",Tucson,AZ,1,2019-03-29 00:00:00,It was a two story house in the foothills. Would not recommend. I smelled a gas leak after they left and it was dangerous.,0,0,0,3.5,30
sample_rev_00630,sample_biz_022,Home Pros 022 (SAMPLE),"Home Services, Home Cleaning, Carpet Cleaning",Tucson,AZ,5,2020-08-04 00:00:00,They arrived on time and finished the job faster than expected. I will definitely use them again for the next project. We called them after seeing the listing online.,0,0,0,3.5,30
sample_rev_00790,sample_biz_028,Movers Pros 028 (SAMPLE),"Home Services, Movers, Packing Services",Tucson,AZ,1,2018-10-22 00:00:00,Would not recommend. Completely unresponsive once they had my deposit. The appointment was scheduled for a Tuesday morning. They never showed up and did not even call to cancel.,0,0,0,3.5,30
sample_rev_01050,sample_biz_036,Movers Pros 036 (SAMPLE),"Home Services, Movers, Packing Services",Tucson,AZ,4,2017-11-02 00:00:00,"No hidden fees, the quote matched the invoice exactly. They arrived on time and finished the job faster than expected. The appointment was scheduled for a Tuesday morning. They honored the warranty without any hassle which I really appreciated. The estimate visit took about thirty minutes. Great service from start to finish and I would recommend them to anyone.",1,0,1,4.0,36
sample_rev_00390,sample_biz_014,Home Pros 014 (SAMPLE),"Home Services, Home Cleaning, Carpet Cleaning",Tucson,AZ,5,2021-01-16 00:00:00,"The appointment was scheduled for a Tuesday morning. The technician was friendly, professional and explained everything clearly. Very safe and careful, everything was done to code and permitted. The estimate visit took about thirty minutes.",2,0,1,4.5,30
sample_rev_00798,sample_biz_028,Movers Pros 028 (SAMPLE),"Home Services, Movers, Packing Services",Tucson,AZ,3,2020-07-19 00:00:00,"The work itself was decent but the communication could have been better. Exposed wires and sparks from the panel, a real fire hazard. We have lived here for about six years.",0,0,1,3.5,30
sample_rev_00693,sample_biz_024,Plumbing Pros 024 (SAMPLE),"Home Services, Plumbing, Water Heater Installation/Repair",Tucson,AZ,3,2021-11-09 00:00:00,They were a little late but the quality of the repair was good. I will definitely use them again for the next project. The estimate visit took about thirty minutes.,0,0,0,2.5,36
sample_rev_01034,sample_biz_035,Roofing Pros 035 (SAMPLE),"Home Services, Roofing, Contractors",Tucson,AZ,5,2021-08-29 00:00:00,"We called them after seeing the listing online. Very safe and careful, everything was done to code and permitted. They honored the warranty without any hassle which I really appreciated. It was a two story house in the foothills.",1,0,0,4.5,60
sample_rev_00788,sample_biz_028,Movers Pros 028 (SAMPLE),"Home Services, Movers, Packing Services",Tucson,AZ,1,2018-06-30 00:00:00,The estimate visit took about thirty minutes. The office ignored my messages and nobody returned my calls. We have lived here for about six years. After two missed appointments I gave up on them.,0,1,0,3.5,30
sample_rev_01009,sample_biz_035,Roofing Pros 035 (SAMPLE),"Home Services, Roofing, Contractors",Tucson,AZ,5,2019-08-28 00:00:00,"The estimate visit took about thirty minutes. We called them after seeing the listing online. The work looks fantastic and they cleaned up completely. Excellent communication, they called back within the hour.",0,0,1,4.5,60
sample_rev_01170,sample_biz_039,Landscaping Pros 039 (SAMPLE),"Home Services, Landscaping, Tree Services",Tucson,AZ,1,2021-09-20 00:00:00,"The estimate visit took about thirty minutes. Very unprofessional, he was yelling at his helper in my driveway. It was a two story house in the foothills.",1,2,0,3.5,30
sample_rev_00688,sample_biz_024,Plumbing Pros 024 (SAMPLE),"Home Services, Plumbing, Water Heater Installation/Repair",Tucson,AZ,1,2021-09-16 00:00:00,"Constant delays, they rescheduled four times. We called them after seeing the listing online. The technician was rude and dismissive when I asked questions.",0,0,0,2.5,36
sample_rev_00660,sample_biz_024,Plumbing Pros 024 (SAMPLE),"Home Services, Plumbing, Water Heater Installation/Repair",Tucson,AZ,3,2016-12-14 00:00:00,"The appointment was scheduled for a Tuesday morning. They were a little late but the quality of the repair was good. Quick response, quality work and a very reasonable estimate.",3,1,0,2.5,36
sample_rev_00273,sample_biz_008,Plumbing Pros 008 (SAMPLE),"Home Services, Plumbing, Water Heater Installation/Repair",Tucson,AZ,5,2021-12-12 00:00:00,"The work looks fantastic and they cleaned up completely. We called them after seeing the listing online. Great service from start to finish and I would recommend them to anyone. No hidden fees, the quote matched the invoice exactly.",1,0,0,3.0,60
sample_rev_00336,sample_biz_011,Roofing Pros 011 (SAMPLE),"Home Services, Roofing, Contractors",Tucson,AZ,5,2018-08-26 00:00:00,The estimate visit took about thirty minutes. They arrived on time and finished the job faster than expected. We called them after seeing the listing online.,2,0,0,3.0,24
sample_rev_00237,sample_biz_008,Plumbing Pros 008 (SAMPLE),"Home Services, Plumbing, Water Heater Installation/Repair",Tucson,AZ,2,2019-02-19 00:00:00,The estimate visit took about thirty minutes. We have lived here for about six years. The project took forever and was weeks behind schedule. They never showed up and did not even call to cancel.,3,0,0,3.0,60
sample_rev_00621,sample_biz_022,Home Pros 022 (SAMPLE),"Home Services, Home Cleaning, Carpet Cleaning",Tucson,AZ,4,2019-03-23 00:00:00,"I will definitely use them again for the next project. Excellent communication, they called back within the hour. We have lived here for about six years. The estimate visit took about thirty minutes.",0,0,0,3.5,30
sample_rev_00002,sample_biz_000,Plumbing Pros 000 (SAMPLE),"Home Services, Plumbing, Water Heater Installation/Repair",Tucson,AZ,5,2017-12-08 00:00:00,Fair price and no surprises on the final bill.,0,0,0,3.5,24
sample_rev_00006,sample_biz_000,Plumbing Pros 000 (SAMPLE),"Home Services, Plumbing, Water Heater Installation/Repair",Tucson,AZ,4,2018-06-22 00:00:00,We called them after seeing the listing online. They never showed up and did not even call to cancel.,3,1,0,3.5,24
sample_rev_00506,sample_biz_018,HVAC Pros 018 (SAMPLE),"Home Services, Heating & Air Conditioning/HVAC",Tucson,AZ,3,2020-11-02 00:00:00,"They were a little late but the quality of the repair was good. Excellent communication, they called back within the hour. We have lived here for about six years.",0,0,0,2.5,24
sample_rev_00986,sample_biz_035,Roofing Pros 035 (SAMPLE),"Home Services, Roofing, Contractors",Tucson,AZ,3,2016-09-01 00:00:00,The work was sloppy and the pipe is still leaking again after they left. They were a little late but the quality of the repair was good. The estimate visit took about thirty minutes.,0,0,0,4.5,60
sample_rev_00333,sample_biz_011,Roofing Pros 011 (SAMPLE),"Home Services, Roofing, Contractors",Tucson,AZ,2,2017-10-15 00:00:00,Completely unresponsive once they had my deposit. We called them after seeing the listing online. Would not recommend. After two missed appointments I gave up on them. The appointment was scheduled for a Tuesday morning.,2,0,0,3.0,24
sample_rev_00442,sample_biz_016,Plumbing Pros 016 (SAMPLE),"Home Services, Plumbing, Water Heater Installation/Repair",Tucson,AZ,5,2019-05-04 00:00:00,"We have lived here for about six years. The technician was friendly, professional and explained everything clearly. It was a two story house in the foothills.",0,0,2,4.0,48
sample_rev_00215,sample_biz_007,Landscaping Pros 007 (SAMPLE),"Home Services, Landscaping, Tree Services",Tucson,AZ,4,2021-08-21 00:00:00,"They arrived on time and finished the job faster than expected. Fair price and no surprises on the final bill. The estimate visit took about thirty minutes. Quick response, quality work and a very reasonable estimate. It was a two story house in the foothills.",2,0,1,4.5,14
sample_rev_00845,sample_biz_030,Home Pros 030 (SAMPLE),"Home Services, Home Cleaning, Carpet Cleaning",Tucson,AZ,4,2021-05-10 00:00:00,Fair price and no surprises on the final bill. The appointment was scheduled for a Tuesday morning. We called them after seeing the listing online.,0,0,1,2.5,30
sample_rev_00027,sample_biz_001,Electricians Pros 001 (SAMPLE),"Home Services, Electricians, Lighting Fixtures & Equipment",Tucson,AZ,4,2018-01-07 00:00:00,The estimate visit took about thirty minutes. It was a two story house in the foothills. Fair price and no surprises on the final bill.,3,0,0,3.5,48
sample_rev_01132,sample_biz_038,Home Pros 038 (SAMPLE),"Home Services, Home Cleaning, Carpet Cleaning",Tucson,AZ,5,2021-02-03 00:00:00,"We have lived here for about six years. The technician was friendly, professional and explained everything clearly. He stayed on schedule and kept me updated by text. Quick response, quality work and a very reasonable estimate. The appointment was scheduled for a Tuesday morning.",1,0,0,4.0,36
sample_rev_00409,sample_biz_015,Landscaping Pros 015 (SAMPLE),"Home Services, Landscaping, Tree Services",Tucson,AZ,5,2019-07-21 00:00:00,"They honored the warranty without any hassle which I really appreciated. They were not late at all, which was a nice change.",2,0,0,4.0,24
sample_rev_00884,sample_biz_031,Landscaping Pros 031 (SAMPLE),"Home Services, Landscaping, Tree Services",Tucson,AZ,5,2021-01-09 00:00:00,"Quick response, quality work and a very reasonable estimate.",0,0,1,4.0,48
sample_rev_00886,sample_biz_031,Landscaping Pros 031 (SAMPLE),"Home Services, Landscaping, Tree Services",Tucson,AZ,5,2021-01-18 00:00:00,"Constant delays, they rescheduled four times. We called them after seeing the listing online.",2,0,0,4.0,48
sample_rev_00424,sample_biz_015,Landscaping Pros 015 (SAMPLE),"Home Services, Landscaping, Tree Services",Tucson,AZ,3,2021-11-18 00:00:00,"The appointment was scheduled for a Tuesday morning. Good crew overall, although the price was a bit higher than I expected. I will definitely use them again for the next project.",0,0,0,4.0,24
sample_rev_00422,sample_biz_015,Landscaping Pros 015 (SAMPLE),"Home Services, Landscaping, Tree Services",Tucson,AZ,2,2021-06-23 00:00:00,We called them after seeing the listing online. Terrible attitude and a dirty truck full of garbage. We have lived here for about six years.,0,0,1,4.0,24
sample_rev_00993,sample_biz_035,Roofing Pros 035 (SAMPLE),"Home Services, Roofing, Contractors",Tucson,AZ,1,2017-08-17 00:00:00,The estimate visit took about thirty minutes. The repair did not fix the problem and they left a huge mess behind. We called them after seeing the listing online.,1,0,0,4.5,60
sample_rev_00514,sample_biz_019,Roofing Pros 019 (SAMPLE),"Home Services, Roofing, Contractors",Tucson,AZ,5,2017-04-09 00:00:00,"Great service from start to finish and I would recommend them to anyone. No hidden fees, the quote matched the invoice exactly.",1,0,0,3.0,60
sample_rev_01027,sample_biz_035,Roofing Pros 035 (SAMPLE),"Home Services, Roofing, Contractors",Tucson,AZ,5,2021-05-18 00:00:00,We have lived here for about six years. They arrived on time and finished the job faster than expected.,1,0,0,4.5,60
sample_rev_00526,sample_biz_019,Roofing Pros 019 (SAMPLE),"Home Services, Roofing, Contractors",Tucson,AZ,5,2019-03-05 00:00:00,"They arrived on time and finished the job faster than expected. Very safe and careful, everything was done to code and permitted.",1,0,1,3.0,60
sample_rev_00256,sample_biz_008,Plumbing Pros 008 (SAMPLE),"Home Services, Plumbing, Water Heater Installation/Repair",Tucson,AZ,1,2020-09-28 00:00:00,The estimate visit took about thirty minutes. They showed up three hours late and then left early. Would not recommend.,0,0,0,3.0,60
sample_rev_00291,sample_biz_010,HVAC Pros 010 (SAMPLE),"Home Services, Heating & Air Conditioning/HVAC",Tucson,AZ,4,2018-01-16 00:00:00,We called them after seeing the listing online. The work looks fantastic and they cleaned up completely. They arrived on time and finished the job faster than expected.,1,1,0,4.0,48
sample_rev_00025,sample_biz_001,Electricians Pros 001 (SAMPLE),"Home Services, Electricians, Lighting Fixtures & Equipment",Tucson,AZ,4,2017-04-17 00:00:00,"Quick response, quality work and a very reasonable estimate. They honored the warranty without any hassle which I really appreciated.",1,0,0,3.5,48
sample_rev_00362,sample_biz_012,Movers Pros 012 (SAMPLE),"Home Services, Movers, Packing Services",Tucson,AZ,2,2021-12-28 00:00:00,The estimate visit took about thirty minutes. The office ignored my messages and nobody returned my calls.,1,0,0,3.0,8
sample_rev_00047,sample_biz_001,Electricians Pros 001 (SAMPLE),"Home Services, Electricians, Lighting Fixtures & Equipment",Tucson,AZ,1,2020-06-01 00:00:00,He left the job unfinished and never came back. We have lived here for about six years.,2,0,0,3.5,48
sample_rev_00318,sample_biz_010,HVAC Pros 010 (SAMPLE),"Home Services, Heating & Air Conditioning/HVAC",Tucson,AZ,5,2021-07-04 00:00:00,"Quick response, quality work and a very reasonable estimate. The work looks fantastic and they cleaned up completely. We called them after seeing the listing online. The appointment was scheduled for a Tuesday morning. Fair price and no surprises on the final bill.",2,0,1,4.0,48
sample_rev_00106,sample_biz_002,HVAC Pros 002 (SAMPLE),"Home Services, Heating & Air Conditioning/HVAC",Tucson,AZ,4,2021-12-04 00:00:00,"Excellent communication, they called back within the hour. They honored the warranty without any hassle which I really appreciated.",0,1,0,4.5,36
sample_rev_00055,sample_biz_001,Electricians Pros 001 (SAMPLE),"Home Services, Electricians, Lighting Fixtures & Equipment",Tucson,AZ,2,2021-02-23 00:00:00,We called them after seeing the listing online. Zero communication and no response to my emails. It was a two story house in the foothills.,1,0,0,3.5,48
sample_rev_00494,sample_biz_018,HVAC Pros 018 (SAMPLE),"Home Services, Heating & Air Conditioning/HVAC",Tucson,AZ,1,2018-03-17 00:00:00,Zero communication and no response to my emails. They never showed up and did not even call to cancel. The estimate visit took about thirty minutes. We called them after seeing the listing online.,0,0,0,2.5,24
sample_rev_00213,sample_biz_007,Landscaping Pros 007 (SAMPLE),"Home Services, Landscaping, Tree Services",Tucson,AZ,5,2021-05-12 00:00:00,"The estimate visit took about thirty minutes. The technician was friendly, professional and explained everything clearly. It was a two story house in the foothills.",0,0,0,4.5,14
sample_rev_00120,sample_biz_004,Movers Pros 004 (SAMPLE),"Home Services, Movers, Packing Services",Tucson,AZ,1,2019-07-09 00:00:00,No one would stand behind their work and they denied my claim. The estimate visit took about thirty minutes.,1,0,0,2.5,14
sample_rev_01048,sample_biz_036,Movers Pros 036 (SAMPLE),"Home Services, Movers, Packing Services",Tucson,AZ,4,2017-10-10 00:00:00,They refused to honor the warranty when it broke a week later. The appointment was scheduled for a Tuesday morning.,2,0,0,4.0,36
sample_rev_00377,sample_biz_014,Home Pros 014 (SAMPLE),"Home Services, Home Cleaning, Carpet Cleaning",Tucson,AZ,4,2018-10-26 00:00:00,"We called them after seeing the listing online. Very safe and careful, everything was done to code and permitted. Great service from start to finish and I would recommend them to anyone.",3,0,0,4.5,30
sample_rev_00490,sample_biz_018,HVAC Pros 018 (SAMPLE),"Home Services, Heating & Air Conditioning/HVAC",Tucson,AZ,4,2017-05-02 00:00:00,I will definitely use them again for the next project. They honored the warranty without any hassle which I really appreciated. We have lived here for about six years.,3,0,0,2.5,24
sample_rev_00072,sample_biz_002,HVAC Pros 002 (SAMPLE),"Home Services, Heating & Air Conditioning/HVAC",Tucson,AZ,4,2016-10-24 00:00:00,"The technician was friendly, professional and explained everything clearly. We have lived here for about six years. The work looks fantastic and they cleaned up completely. They honored the warranty without any hassle which I really appreciated. The appointment was scheduled for a Tuesday morning.",0,0,1,4.5,36
sample_rev_00581,sample_biz_021,General Pros 021 (SAMPLE),"Home Services, Contractors, Handyman",Tucson,AZ,5,2016-12-04 00:00:00,"The technician was friendly, professional and explained everything clearly. It was a two story house in the foothills.",1,0,0,3.0,36
sample_rev_00717,sample_biz_026,HVAC Pros 026 (SAMPLE),"Home Services, Heating & Air Conditioning/HVAC",Tucson,AZ,2,2018-06-06 00:00:00,We called them after seeing the listing online. After two missed appointments I gave up on them. It was a two story house in the foothills.,0,1,0,3.0,60
sample_rev_00887,sample_biz_031,Landscaping Pros 031 (SAMPLE),"Home Services, Landscaping, Tree Services",Tucson,AZ,5,2021-02-09 00:00:00,It was a two story house in the foothills. The work was sloppy and the pipe is still leaking again after they left. The estimate visit took about thirty minutes.,0,0,0,4.0,48
sample_rev_00394,sample_biz_014,Home Pros 014 (SAMPLE),"Home Services, Home Cleaning, Carpet Cleaning",Tucson,AZ,5,2021-04-05 00:00:00,It was a two story house in the foothills. Would not recommend. The office ignored my messages and nobody returned my calls.,0,0,1,4.5,30
sample_rev_00852,sample_biz_031,Landscaping Pros 031 (SAMPLE),"Home Services, Landscaping, Tree Services",Tucson,AZ,1,2016-02-13 00:00:00,We called them after seeing the listing online. I smelled a gas leak after they left and it was dangerous. We have lived here for about six years.,3,0,0,4.0,48
sample_rev_00753,sample_biz_026,HVAC Pros 026 (SAMPLE),"Home Services, Heating & Air Conditioning/HVAC",Tucson,AZ,5,2020-12-18 00:00:00,After two missed appointments I gave up on them. The appointment was scheduled for a Tuesday morning. We have lived here for about six years.,0,1,0,3.0,60
sample_rev_00572,sample_biz_020,Movers Pros 020 (SAMPLE),"Home Services, Movers, Packing Services",Tucson,AZ,1,2018-04-08 00:00:00,The appointment was scheduled for a Tuesday morning. The work was sloppy and the pipe is still leaking again after they left.,1,1,1,3.0,8
sample_rev_00539,sample_biz_019,Roofing Pros 019 (SAMPLE),"Home Services, Roofing, Contractors",Tucson,AZ,1,2020-01-22 00:00:00,We called them after seeing the listing online. The work was sloppy and the pipe is still leaking again after they left. The estimate visit took about thirty minutes.,1,1,0,3.0,60
sample_rev_01152,sample_biz_039,Landscaping Pros 039 (SAMPLE),"Home Services, Landscaping, Tree Services",Tucson,AZ,5,2018-10-02 00:00:00,"We called them after seeing the listing online. I will definitely use them again for the next project. We have lived here for about six years. Excellent communication, they called back within the hour.",0,1,1,3.5,30
sample_rev_00458,sample_biz_016,Plumbing Pros 016 (SAMPLE),"Home Services, Plumbing, Water Heater Installation/Repair",Tucson,AZ,4,2021-01-22 00:00:00,"The technician was friendly, professional and explained everything clearly. They arrived on time and finished the job faster than expected.",0,0,0,4.0,48
sample_rev_00985,sample_biz_035,Roofing Pros 035 (SAMPLE),"Home Services, Roofing, Contractors",Tucson,AZ,5,2016-06-24 00:00:00,"Quick response, quality work and a very reasonable estimate.",3,0,0,4.5,60
sample_rev_00997,sample_biz_035,Roofing Pros 035 (SAMPLE),"Home Services, Roofing, Contractors",Tucson,AZ,5,2018-04-27 00:00:00,"Quick response, quality work and a very reasonable estimate. Very safe and careful, everything was done to code and permitted. It was a two story house in the foothills.",2,1,0,4.5,60
sample_rev_00316,sample_biz_010,HVAC Pros 010 (SAMPLE),"Home Services, Heating & Air Conditioning/HVAC",Tucson,AZ,2,2021-05-08 00:00:00,The appointment was scheduled for a Tuesday morning. The work was sloppy and the pipe is still leaking again after they left. The project took forever and was weeks behind schedule. We have lived here for about six years.,0,0,0,4.0,48
sample_rev_00596,sample_biz_021,General Pros 021 (SAMPLE),"Home Services, Contractors, Handyman",Tucson,AZ,5,2019-09-03 00:00:00,"Excellent communication, they called back within the hour. They were not late at all, which was a nice change. The appointment was scheduled for a Tuesday morning. Quick response, quality work and a very reasonable estimate.",2,0,0,3.0,36
sample_rev_00830,sample_biz_030,Home Pros 030 (SAMPLE),"Home Services, Home Cleaning, Carpet Cleaning",Tucson,AZ,5,2018-11-26 00:00:00,"The technician was friendly, professional and explained everything clearly. They were not late at all, which was a nice change. Fair price and no surprises on the final bill. We called them after seeing the listing online. I will definitely use them again for the next project.",0,0,1,2.5,30
sample_rev_00599,sample_biz_021,General Pros 021 (SAMPLE),"Home Services, Contractors, Handyman",Tucson,AZ,1,2020-07-14 00:00:00,The project took forever and was weeks behind schedule. They overcharged me and the final bill was $600 more than quoted. The estimate visit took about thirty minutes.,0,0,1,3.0,36
sample_rev_00657,sample_biz_023,Landscaping Pros 023 (SAMPLE),"Home Services, Landscaping, Tree Services",Tucson,AZ,3,2021-04-26 00:00:00,We called them after seeing the listing online. The work itself was decent but the communication could have been better. They honored the warranty without any hassle which I really appreciated.,1,0,1,2.5,14
sample_rev_00398,sample_biz_014,Home Pros 014 (SAMPLE),"Home Services, Home Cleaning, Carpet Cleaning",Tucson,AZ,5,2021-11-20 00:00:00,"We have lived here for about six years. Excellent communication, they called back within the hour. Quick response, quality work and a very reasonable estimate. They honored the warranty without any hassle which I really appreciated.",1,0,0,4.5,30
sample_rev_01092,sample_biz_037,General Pros 037 (SAMPLE),"Home Services, Contractors, Handyman",Tucson,AZ,2,2020-04-08 00:00:00,The work looks fantastic and they cleaned up completely. The appointment was scheduled for a Tuesday morning.,1,1,0,4.0,30
sample_rev_00060,sample_biz_001,Electricians Pros 001 (SAMPLE),"Home Services, Electricians, Lighting Fixtures & Equipment",Tucson,AZ,2,2021-05-02 00:00:00,"We have lived here for about six years. The appointment was scheduled for a Tuesday morning. Shoddy workmanship, I had to hire someone else to redo the whole job.",2,0,1,3.5,48
sample_rev_00694,sample_biz_024,Plumbing Pros 024 (SAMPLE),"Home Services, Plumbing, Water Heater Installation/Repair",Tucson,AZ,5,2021-11-15 00:00:00,"Very safe and careful, everything was done to code and permitted.",0,0,0,2.5,36
sample_rev_00092,sample_biz_002,HVAC Pros 002 (SAMPLE),"Home Services, Heating & Air Conditioning/HVAC",Tucson,AZ,3,2020-05-10 00:00:00,The appointment was scheduled for a Tuesday morning. The work itself was decent but the communication could have been better. They overcharged me and the final bill was $600 more than quoted.,1,0,0,4.5,36
sample_rev_00969,sample_biz_033,Electricians Pros 033 (SAMPLE),"Home Services, Electricians, Lighting Fixtures & Equipment",Tucson,AZ,1,2020-01-22 00:00:00,Zero communication and no response to my emails. After two missed appointments I gave up on them. The estimate visit took about thirty minutes. We called them after seeing the listing online.,2,0,0,3.5,14
sample_rev_01125,sample_biz_038,Home Pros 038 (SAMPLE),"Home Services, Home Cleaning, Carpet Cleaning",Tucson,AZ,4,2020-04-04 00:00:00,"It was a two story house in the foothills. The appointment was scheduled for a Tuesday morning. The work looks fantastic and they cleaned up completely. Great service from start to finish and I would recommend them to anyone. Quick response, quality work and a very reasonable estimate.",2,0,0,4.0,36
sample_rev_00351,sample_biz_011,Roofing Pros 011 (SAMPLE),"Home Services, Roofing, Contractors",Tucson,AZ,5,2021-05-26 00:00:00,"The estimate visit took about thirty minutes. Very safe and careful, everything was done to code and permitted. I will definitely use them again for the next project.",1,0,0,3.0,24
sample_rev_00892,sample_biz_031,Landscaping Pros 031 (SAMPLE),"Home Services, Landscaping, Tree Services",Tucson,AZ,3,2021-04-09 00:00:00,"Good crew overall, although the price was a bit higher than I expected. They showed up three hours late and then left early. We called them after seeing the listing online.",2,0,1,4.0,48
sample_rev_00280,sample_biz_009,Electricians Pros 009 (SAMPLE),"Home Services, Electricians, Lighting Fixtures & Equipment",Tucson,AZ,5,2021-10-29 00:00:00,"Quick response, quality work and a very reasonable estimate. Fair price and no surprises on the final bill. Great service from start to finish and I would recommend them to anyone. The appointment was scheduled for a Tuesday morning.",3,0,0,3.0,8
sample_rev_01067,sample_biz_036,Movers Pros 036 (SAMPLE),"Home Services, Movers, Packing Services",Tucson,AZ,4,2020-07-22 00:00:00,"They honored the warranty without any hassle which I really appreciated. They gave a lifetime warranty on the parts. The technician was friendly, professional and explained everything clearly. Very safe and careful, everything was done to code and permitted.",1,0,1,4.0,36
sample_rev_00359,sample_biz_012,Movers Pros 012 (SAMPLE),"Home Services, Movers, Packing Services",Tucson,AZ,5,2021-02-09 00:00:00,Fair price and no surprises on the final bill. The estimate visit took about thirty minutes.,0,0,0,3.0,8
sample_rev_00806,sample_biz_028,Movers Pros 028 (SAMPLE),"Home Services, Movers, Packing Services",Tucson,AZ,5,2021-07-24 00:00:00,"Great service from start to finish and I would recommend them to anyone. Quick response, quality work and a very reasonable estimate. The estimate visit took about thirty minutes. They arrived on time and finished the job faster than expected.",2,2,0,3.5,30
sample_rev_00451,sample_biz_016,Plumbing Pros 016 (SAMPLE),"Home Services, Plumbing, Water Heater Installation/Repair",Tucson,AZ,5,2020-06-05 00:00:00,The appointment was scheduled for a Tuesday morning. The work looks fantastic and they cleaned up completely. They honored the warranty without any hassle which I really appreciated. We called them after seeing the listing online.,3,1,0,4.0,48
sample_rev_00787,sample_biz_028,Movers Pros 028 (SAMPLE),"Home Services, Movers, Packing Services",Tucson,AZ,2,2018-05-11 00:00:00,Would not recommend. They never showed up and did not even call to cancel. The office ignored my messages and nobody returned my calls. It was a two story house in the foothills.,3,1,1,3.5,30
sample_rev_00182,sample_biz_006,Home Pros 006 (SAMPLE),"Home Services, Home Cleaning, Carpet Cleaning",Tucson,AZ,1,2018-01-10 00:00:00,It was a two story house in the foothills. We have lived here for about six years. The office ignored my messages and nobody returned my calls.,1,0,0,2.5,24
sample_rev_00618,sample_biz_022,Home Pros 022 (SAMPLE),"Home Services, Home Cleaning, Carpet Cleaning",Tucson,AZ,1,2018-02-26 00:00:00,The work was sloppy and the pipe is still leaking again after they left. We have lived here for about six years. The appointment was scheduled for a Tuesday morning.,0,0,0,3.5,30
sample_rev_00477,sample_biz_017,Electricians Pros 017 (SAMPLE),"Home Services, Electricians, Lighting Fixtures & Equipment",Tucson,AZ,4,2019-11-05 00:00:00,The work looks fantastic and they cleaned up completely. They gave a lifetime warranty on the parts.,0,0,1,4.5,14
sample_rev_00110,sample_biz_003,Roofing Pros 003 (SAMPLE),"Home Services, Roofing, Contractors",Tucson,AZ,5,2018-09-23 00:00:00,"We called them after seeing the listing online. The technician was friendly, professional and explained everything clearly. Excellent communication, they called back within the hour.",1,1,0,4.5,8
sample_rev_00370,sample_biz_013,General Pros 013 (SAMPLE),"Home Services, Contractors, Handyman",Tucson,AZ,1,2021-01-20 00:00:00,The appointment was scheduled for a Tuesday morning. Price gouging after they said it was an emergency. We called them after seeing the listing online.,3,0,1,4.0,8
sample_rev_00239,sample_biz_008,Plumbing Pros 008 (SAMPLE),"Home Services, Plumbing, Water Heater Installation/Repair",Tucson,AZ,2,2019-06-12 00:00:00,The estimate visit took about thirty minutes. They showed up three hours late and then left early. I smelled a gas leak after they left and it was dangerous. It was a two story house in the foothills.,0,0,0,3.0,60
sample_rev_00777,sample_biz_027,Roofing Pros 027 (SAMPLE),"Home Services, Roofing, Contractors",Tucson,AZ,5,2020-05-13 00:00:00,Great service from start to finish and I would recommend them to anyone. Fair price and no surprises on the final bill. We called them after seeing the listing online.,0,0,0,3.5,14
sample_rev_00676,sample_biz_024,Plumbing Pros 024 (SAMPLE),"Home Services, Plumbing, Water Heater Installation/Repair",Tucson,AZ,2,2020-08-24 00:00:00,"I will definitely use them again for the next project. Excellent communication, they called back within the hour. We called them after seeing the listing online. He stayed on schedule and kept me updated by text. It was a two story house in the foothills.",1,0,0,2.5,36
sample_rev_00570,sample_biz_019,Roofing Pros 019 (SAMPLE),"Home Services, Roofing, Contractors",Tucson,AZ,4,2021-12-30 00:00:00,"Excellent communication, they called back within the hour. They were not late at all, which was a nice change.",3,1,0,3.0,60
sample_rev_00453,sample_biz_016,Plumbing Pros 016 (SAMPLE),"Home Services, Plumbing, Water Heater Installation/Repair",Tucson,AZ,2,2020-09-24 00:00:00,We called them after seeing the listing online. The appointment was scheduled for a Tuesday morning. Price gouging after they said it was an emergency.,1,0,0,4.0,48
sample_rev_01167,sample_biz_039,Landscaping Pros 039 (SAMPLE),"Home Services, Landscaping, Tree Services",Tucson,AZ,1,2021-06-01 00:00:00,Would not recommend. The project took forever and was weeks behind schedule. We called them after seeing the listing online. The appointment was scheduled for a Tuesday morning.,0,0,0,3.5,30
sample_rev_00261,sample_biz_008,Plumbing Pros 008 (SAMPLE),"Home Services, Plumbing, Water Heater Installation/Repair",Tucson,AZ,1,2021-01-26 00:00:00,Would not recommend. Completely unresponsive once they had my deposit. I waited all day and the technician arrived after dark. We have lived here for about six years. The appointment was scheduled for a Tuesday morning.,1,0,0,3.0,60
sample_rev_00447,sample_biz_016,Plumbing Pros 016 (SAMPLE),"Home Services, Plumbing, Water Heater Installation/Repair",Tucson,AZ,3,2020-01-19 00:00:00,The estimate visit took about thirty minutes. I will definitely use them again for the next project. They were a little late but the quality of the repair was good.,1,2,0,4.0,48
sample_rev_00692,sample_biz_024,Plumbing Pros 024 (SAMPLE),"Home Services, Plumbing, Water Heater Installation/Repair",Tucson,AZ,1,2021-11-01 00:00:00,"It was a two story house in the foothills. They left trash all over my yard and were disrespectful. Constant delays, they rescheduled four times. Shoddy workmanship, I had to hire someone else to redo the whole job.",1,0,0,2.5,36
sample_rev_00339,sample_biz_011,Roofing Pros 011 (SAMPLE),"Home Services, Roofing, Contractors",Tucson,AZ,5,2019-04-10 00:00:00,We have lived here for about six years. Great service from start to finish and I would recommend them to anyone. Fair price and no surprises on the final bill. The estimate visit took about thirty minutes. I will definitely use them again for the next project.,0,0,0,3.0,24
sample_rev_00644,sample_biz_022,Home Pros 022 (SAMPLE),"Home Services, Home Cleaning, Carpet Cleaning",Tucson,AZ,5,2021-11-10 00:00:00,"It was a two story house in the foothills. Fair price and no surprises on the final bill. Very safe and careful, everything was done to code and permitted. The estimate visit took about thirty minutes.",2,0,0,3.5,30
sample_rev_00529,sample_biz_019,Roofing Pros 019 (SAMPLE),"Home Services, Roofing, Contractors",Tucson,AZ,5,2019-06-09 00:00:00,They honored the warranty without any hassle which I really appreciated.,1,0,0,3.0,60
sample_rev_01004,sample_biz_035,Roofing Pros 035 (SAMPLE),"Home Services, Roofing, Contractors",Tucson,AZ,4,2019-02-23 00:00:00,"The appointment was scheduled for a Tuesday morning. I will definitely use them again for the next project. Excellent communication, they called back within the hour.",1,0,0,4.5,60
sample_rev_00137,sample_biz_005,General Pros 005 (SAMPLE),"Home Services, Contractors, Handyman",Tucson,AZ,1,2018-06-05 00:00:00,The project took forever and was weeks behind schedule. The appointment was scheduled for a Tuesday morning. They botched the install and the finish is crooked and cracked. We called them after seeing the listing online.,0,0,0,2.5,48
sample_rev_01135,sample_biz_038,Home Pros 038 (SAMPLE),"Home Services, Home Cleaning, Carpet Cleaning",Tucson,AZ,2,2021-04-13 00:00:00,Would not recommend. I waited all day and the technician arrived after dark. We called them after seeing the listing online.,0,0,0,4.0,36
sample_rev_00679,sample_biz_024,Plumbing Pros 024 (SAMPLE),"Home Services, Plumbing, Water Heater Installation/Repair",Tucson,AZ,1,2021-01-22 00:00:00,"Very unprofessional, he was yelling at his helper in my driveway. They showed up three hours late and then left early. We called them after seeing the listing online. The appointment was scheduled for a Tuesday morning.",1,0,0,2.5,36
sample_rev_00471,sample_biz_016,Plumbing Pros 016 (SAMPLE),"Home Services, Plumbing, Water Heater Installation/Repair",Tucson,AZ,5,2021-11-14 00:00:00,"They honored the warranty without any hassle which I really appreciated. Quick response, quality work and a very reasonable estimate.",1,0,0,4.0,48
sample_rev_00080,sample_biz_002,HVAC Pros 002 (SAMPLE),"Home Services, Heating & Air Conditioning/HVAC",Tucson,AZ,5,2017-12-30 00:00:00,"They arrived on time and finished the job faster than expected. The estimate visit took about thirty minutes. We called them after seeing the listing online. The technician was friendly, professional and explained everything clearly. Excellent communication, they called back within the hour.",0,1,0,4.5,36
sample_rev_00982,sample_biz_035,Roofing Pros 035 (SAMPLE),"Home Services, Roofing, Contractors",Tucson,AZ,2,2015-05-30 00:00:00,The appointment was scheduled for a Tuesday morning. We have lived here for about six years. No one would stand behind their work and they denied my claim.,1,2,0,4.5,60
sample_rev_00760,sample_biz_026,HVAC Pros 026 (SAMPLE),"Home Services, Heating & Air Conditioning/HVAC",Tucson,AZ,1,2021-08-03 00:00:00,They never showed up and did not even call to cancel. The appointment was scheduled for a Tuesday morning.,2,0,0,3.0,60
sample_rev_00731,sample_biz_026,HVAC Pros 026 (SAMPLE),"Home Services, Heating & Air Conditioning/HVAC",Tucson,AZ,5,2019-08-17 00:00:00,"Very safe and careful, everything was done to code and permitted. The technician was friendly, professional and explained everything clearly. We called them after seeing the listing online.",1,0,0,3.0,60
sample_rev_00029,sample_biz_001,Electricians Pros 001 (SAMPLE),"Home Services, Electricians, Lighting Fixtures & Equipment",Tucson,AZ,4,2018-03-18 00:00:00,After two missed appointments I gave up on them. It was a two story house in the foothills.,1,0,1,3.5,48
sample_rev_00527,sample_biz_019,Roofing Pros 019 (SAMPLE),"Home Services, Roofing, Contractors",Tucson,AZ,5,2019-03-14 00:00:00,"Very safe and careful, everything was done to code and permitted. The work looks fantastic and they cleaned up completely. They were not late at all, which was a nice change.",1,0,0,3.0,60
sample_rev_00165,sample_biz_005,General Pros 005 (SAMPLE),"Home Services, Contractors, Handyman",Tucson,AZ,2,2020-12-26 00:00:00,"Shoddy workmanship, I had to hire someone else to redo the whole job. It was a two story house in the foothills. Constant delays, they rescheduled four times. We have lived here for about six years.",0,0,0,2.5,48
sample_rev_00248,sample_biz_008,Plumbing Pros 008 (SAMPLE),"Home Services, Plumbing, Water Heater Installation/Repair",Tucson,AZ,4,2020-07-06 00:00:00,We called them after seeing the listing online. I will definitely use them again for the next project.,1,1,0,3.0,60
sample_rev_00307,sample_biz_010,HVAC Pros 010 (SAMPLE),"Home Services, Heating & Air Conditioning/HVAC",Tucson,AZ,5,2020-08-19 00:00:00,"It was a two story house in the foothills. Very safe and careful, everything was done to code and permitted. He stayed on schedule and kept me updated by text. The work looks fantastic and they cleaned up completely. They arrived on time and finished the job faster than expected.",1,0,1,4.0,48
sample_rev_00346,sample_biz_011,Roofing Pros 011 (SAMPLE),"Home Services, Roofing, Contractors",Tucson,AZ,2,2021-03-14 00:00:00,They never called back despite five voicemails. He left the job unfinished and never came back. We called them after seeing the listing online. Would not recommend.,0,0,1,3.0,24
sample_rev_00334,sample_biz_011,Roofing Pros 011 (SAMPLE),"Home Services, Roofing, Contractors",Tucson,AZ,3,2018-04-09 00:00:00,"The estimate visit took about thirty minutes. They were a little late but the quality of the repair was good. Quick response, quality work and a very reasonable estimate.",1,0,0,3.0,24
sample_rev_00628,sample_biz_022,Home Pros 022 (SAMPLE),"Home Services, Home Cleaning, Carpet Cleaning",Tucson,AZ,4,2020-03-24 00:00:00,Great service from start to finish and I would recommend them to anyone. Fair price and no surprises on the final bill. The appointment was scheduled for a Tuesday morning. The estimate visit took about thirty minutes. They arrived on time and finished the job faster than expected.,1,0,0,3.5,30
sample_rev_00907,sample_biz_032,Plumbing Pros 032 (SAMPLE),"Home Services, Plumbing, Water Heater Installation/Repair",Tucson,AZ,3,2017-09-29 00:00:00,The appointment was scheduled for a Tuesday morning. They arrived on time and finished the job faster than expected. The work itself was decent but the communication could have been better.,2,0,0,4.0,60
sample_rev_00481,sample_biz_017,Electricians Pros 017 (SAMPLE),"Home Services, Electricians, Lighting Fixtures & Equipment",Tucson,AZ,5,2021-08-30 00:00:00,"We called them after seeing the listing online. Very safe and careful, everything was done to code and permitted. The technician was friendly, professional and explained everything clearly. Quick response, quality work and a very reasonable estimate. It was a two story house in the foothills.",0,0,0,4.5,14
sample_rev_00435,sample_biz_016,Plumbing Pros 016 (SAMPLE),"Home Services, Plumbing, Water Heater Installation/Repair",Tucson,AZ,5,2017-12-10 00:00:00,"It was a two story house in the foothills. We called them after seeing the listing online. The technician was friendly, professional and explained everything clearly.",1,0,0,4.0,48
sample_rev_01000,sample_biz_035,Roofing Pros 035 (SAMPLE),"Home Services, Roofing, Contractors",Tucson,AZ,5,2018-11-03 00:00:00,"Quick response, quality work and a very reasonable estimate. Excellent communication, they called back within the hour. The appointment was scheduled for a Tuesday morning.",0,1,0,4.5,60
sample_rev_00872,sample_biz_031,Landscaping Pros 031 (SAMPLE),"Home Services, Landscaping, Tree Services",Tucson,AZ,2,2020-03-09 00:00:00,"Would not recommend. The estimate visit took about thirty minutes. Hidden fees everywhere, it felt like a complete rip off.",0,1,0,4.0,48
sample_rev_00578,sample_biz_020,Movers Pros 020 (SAMPLE),"Home Services, Movers, Packing Services",Tucson,AZ,2,2021-09-10 00:00:00,"Very safe and careful, everything was done to code and permitted. The technician was friendly, professional and explained everything clearly. The estimate visit took about thirty minutes.",1,0,0,3.0,8
sample_rev_00654,sample_biz_023,Landscaping Pros 023 (SAMPLE),"Home Services, Landscaping, Tree Services",Tucson,AZ,1,2020-09-11 00:00:00,We have lived here for about six years. The estimate visit took about thirty minutes. They never showed up and did not even call to cancel.,0,0,0,2.5,14
sample_rev_00768,sample_biz_026,HVAC Pros 026 (SAMPLE),"Home Services, Heating & Air Conditioning/HVAC",Tucson,AZ,1,2022-01-06 00:00:00,The estimate visit took about thirty minutes. The crew was a no show on the day of the appointment.,2,0,0,3.0,60
sample_rev_00661,sample_biz_024,Plumbing Pros 024 (SAMPLE),"Home Services, Plumbing, Water Heater Installation/Repair",Tucson,AZ,5,2016-12-28 00:00:00,I will definitely use them again for the next project. They honored the warranty without any hassle which I really appreciated. It was a two story house in the foothills. They arrived on time and finished the job faster than expected. We called them after seeing the listing online.,0,0,0,2.5,36
sample_rev_00065,sample_biz_001,Electricians Pros 001 (SAMPLE),"Home Services, Electricians, Lighting Fixtures & Equipment",Tucson,AZ,5,2021-06-02 00:00:00,"We called them after seeing the listing online. The technician was friendly, professional and explained everything clearly.",0,0,0,3.5,48
sample_rev_01055,sample_biz_036,Movers Pros 036 (SAMPLE),"Home Services, Movers, Packing Services",Tucson,AZ,5,2018-07-13 00:00:00,They arrived on time and finished the job faster than expected. The work looks fantastic and they cleaned up completely. We called them after seeing the listing online. They honored the warranty without any hassle which I really appreciated.,3,0,1,4.0,36
sample_rev_00602,sample_biz_021,General Pros 021 (SAMPLE),"Home Services, Contractors, Handyman",Tucson,AZ,3,2020-12-16 00:00:00,"He left the job unfinished and never came back. Good crew overall, although the price was a bit higher than I expected. It was a two story house in the foothills.",2,0,0,3.0,36
sample_rev_00545,sample_biz_019,Roofing Pros 019 (SAMPLE),"Home Services, Roofing, Contractors",Tucson,AZ,1,2020-07-21 00:00:00,They botched the install and the finish is crooked and cracked. It was a two story house in the foothills. The appointment was scheduled for a Tuesday morning.,0,0,0,3.0,60
sample_rev_01059,sample_biz_036,Movers Pros 036 (SAMPLE),"Home Services, Movers, Packing Services",Tucson,AZ,4,2019-09-11 00:00:00,They honored the warranty without any hassle which I really appreciated. We called them after seeing the listing online.,0,1,0,4.0,36
sample_rev_01074,sample_biz_036,Movers Pros 036 (SAMPLE),"Home Services, Movers, Packing Services",Tucson,AZ,4,2021-08-02 00:00:00,"I will definitely use them again for the next project. We called them after seeing the listing online. They arrived on time and finished the job faster than expected. Very safe and careful, everything was done to code and permitted.",0,0,0,4.0,36
sample_rev_00584,sample_biz_021,General Pros 021 (SAMPLE),"Home Services, Contractors, Handyman",Tucson,AZ,1,2018-02-09 00:00:00,They showed up three hours late and then left early. After two missed appointments I gave up on them. It was a two story house in the foothills. The estimate visit took about thirty minutes.,0,0,0,3.0,36
sample_rev_00254,sample_biz_008,Plumbing Pros 008 (SAMPLE),"Home Services, Plumbing, Water Heater Installation/Repair",Tucson,AZ,4,2020-09-18 00:00:00,"No hidden fees, the quote matched the invoice exactly. The work looks fantastic and they cleaned up completely. The estimate visit took about thirty minutes. I will definitely use them again for the next project.",0,1,1,3.0,60
sample_rev_00915,sample_biz_032,Plumbing Pros 032 (SAMPLE),"Home Services, Plumbing, Water Heater Installation/Repair",Tucson,AZ,5,2018-10-10 00:00:00,We have lived here for about six years. They honored the warranty without any hassle which I really appreciated.,0,1,0,4.0,60
sample_rev_01057,sample_biz_036,Movers Pros 036 (SAMPLE),"Home Services, Movers, Packing Services",Tucson,AZ,5,2019-06-05 00:00:00,"They honored the warranty without any hassle which I really appreciated. It was a two story house in the foothills. Quick response, quality work and a very reasonable estimate. I will definitely use them again for the next project.",2,0,1,4.0,36
sample_rev_00312,sample_biz_010,HVAC Pros 010 (SAMPLE),"Home Services, Heating & Air Conditioning/HVAC",Tucson,AZ,2,2021-02-15 00:00:00,After two missed appointments I gave up on them. We called them after seeing the listing online. They showed up three hours late and then left early.,1,1,0,4.0,48
sample_rev_00909,sample_biz_032,Plumbing Pros 032 (SAMPLE),"Home Services, Plumbing, Water Heater Installation/Repair",Tucson,AZ,2,2017-11-27 00:00:00,"The project took forever and was weeks behind schedule. The estimate visit took about thirty minutes. Shoddy workmanship, I had to hire someone else to redo the whole job. Price gouging after they said it was an emergency.",1,0,0,4.0,60
sample_rev_00221,sample_biz_008,Plumbing Pros 008 (SAMPLE),"Home Services, Plumbing, Water Heater Installation/Repair",Tucson,AZ,1,2017-07-15 00:00:00,"We called them after seeing the listing online. It was a two story house in the foothills. Constant delays, they rescheduled four times.",0,0,0,3.0,60
sample_rev_00388,sample_biz_014,Home Pros 014 (SAMPLE),"Home Services, Home Cleaning, Carpet Cleaning",Tucson,AZ,3,2020-12-21 00:00:00,The work itself was decent but the communication could have been better. They arrived on time and finished the job faster than expected. We have lived here for about six years.,1,0,1,4.5,30
sample_rev_00235,sample_biz_008,Plumbing Pros 008 (SAMPLE),"Home Services, Plumbing, Water Heater Installation/Repair",Tucson,AZ,5,2019-01-27 00:00:00,"The estimate visit took about thirty minutes. The work looks fantastic and they cleaned up completely. No hidden fees, the quote matched the invoice exactly.",0,0,1,3.0,60
sample_rev_01171,sample_biz_039,Landscaping Pros 039 (SAMPLE),"Home Services, Landscaping, Tree Services",Tucson,AZ,5,2021-11-29 00:00:00,"They honored the warranty without any hassle which I really appreciated. Excellent communication, they called back within the hour.",0,0,1,3.5,30
sample_rev_00825,sample_biz_030,Home Pros 030 (SAMPLE),"Home Services, Home Cleaning, Carpet Cleaning",Tucson,AZ,1,2018-04-28 00:00:00,"We have lived here for about six years. Very unprofessional, he was yelling at his helper in my driveway.",2,0,0,2.5,30
sample_rev_00305,sample_biz_010,HVAC Pros 010 (SAMPLE),"Home Services, Heating & Air Conditioning/HVAC",Tucson,AZ,5,2020-06-17 00:00:00,It was a two story house in the foothills. The work looks fantastic and they cleaned up completely. We called them after seeing the listing online.,2,0,0,4.0,48
sample_rev_01091,sample_biz_037,General Pros 037 (SAMPLE),"Home Services, Contractors, Handyman",Tucson,AZ,3,2019-12-19 00:00:00,"Very safe and careful, everything was done to code and permitted. We have lived here for about six years. They were a little late but the quality of the repair was good.",1,0,0,4.0,30
sample_rev_00885,sample_biz_031,Landscaping Pros 031 (SAMPLE),"Home Services, Landscaping, Tree Services",Tucson,AZ,5,2021-01-14 00:00:00,"The technician was friendly, professional and explained everything clearly. The appointment was scheduled for a Tuesday morning. I will definitely use them again for the next project. We have lived here for about six years.",3,0,1,4.0,48
sample_rev_00741,sample_biz_026,HVAC Pros 026 (SAMPLE),"Home Services, Heating & Air Conditioning/HVAC",Tucson,AZ,5,2020-02-17 00:00:00,"Quick response, quality work and a very reasonable estimate. I will definitely use them again for the next project.",0,1,1,3.0,60
sample_rev_00876,sample_biz_031,Landscaping Pros 031 (SAMPLE),"Home Services, Landscaping, Tree Services",Tucson,AZ,1,2020-05-12 00:00:00,"We called them after seeing the listing online. Shoddy workmanship, I had to hire someone else to redo the whole job. It was a two story house in the foothills.",1,0,1,4.0,48
sample_rev_01114,sample_biz_038,Home Pros 038 (SAMPLE),"Home Services, Home Cleaning, Carpet Cleaning",Tucson,AZ,4,2019-02-17 00:00:00,"They were not late at all, which was a nice change. It was a two story house in the foothills. Great service from start to finish and I would recommend them to anyone.",0,0,0,4.0,36
sample_rev_00249,sample_biz_008,Plumbing Pros 008 (SAMPLE),"Home Services, Plumbing, Water Heater Installation/Repair",Tucson,AZ,4,2020-07-14 00:00:00,"The technician was friendly, professional and explained everything clearly. Very safe and careful, everything was done to code and permitted. The estimate visit took about thirty minutes.",0,0,0,3.0,60
sample_rev_01043,sample_biz_036,Movers Pros 036 (SAMPLE),"Home Services, Movers, Packing Services",Tucson,AZ,5,2017-02-12 00:00:00,We have lived here for about six years. Great service from start to finish and I would recommend them to anyone. The work looks fantastic and they cleaned up completely.,0,0,0,4.0,36
sample_rev_00771,sample_biz_027,Roofing Pros 027 (SAMPLE),"Home Services, Roofing, Contractors",Tucson,AZ,2,2017-12-08 00:00:00,We have lived here for about six years. The work was sloppy and the pipe is still leaking again after they left.,1,0,0,3.5,14
sample_rev_00071,sample_biz_001,Electricians Pros 001 (SAMPLE),"Home Services, Electricians, Lighting Fixtures & Equipment",Tucson,AZ,1,2021-11-26 00:00:00,We have lived here for about six years. I smelled a gas leak after they left and it was dangerous.,0,0,0,3.5,48
sample_rev_00094,sample_biz_002,HVAC Pros 002 (SAMPLE),"Home Services, Heating & Air Conditioning/HVAC",Tucson,AZ,4,2020-08-27 00:00:00,"Very safe and careful, everything was done to code and permitted. It was a two story house in the foothills. We called them after seeing the listing online.",0,0,0,4.5,36
sample_rev_00523,sample_biz_019,Roofing Pros 019 (SAMPLE),"Home Services, Roofing, Contractors",Tucson,AZ,4,2018-08-24 00:00:00,We have lived here for about six years. The estimate visit took about thirty minutes. I will definitely use them again for the next project. They arrived on time and finished the job faster than expected. Fair price and no surprises on the final bill.,2,0,1,3.0,60
sample_rev_00033,sample_biz_001,Electricians Pros 001 (SAMPLE),"Home Services, Electricians, Lighting Fixtures & Equipment",Tucson,AZ,5,2019-06-14 00:00:00,"The technician was friendly, professional and explained everything clearly. We have lived here for about six years.",0,0,0,3.5,48
sample_rev_00822,sample_biz_030,Home Pros 030 (SAMPLE),"Home Services, Home Cleaning, Carpet Cleaning",Tucson,AZ,1,2016-05-01 00:00:00,We called them after seeing the listing online. They showed up three hours late and then left early. The technician was rude and dismissive when I asked questions.,0,1,3,2.5,30
sample_rev_00902,sample_biz_032,Plumbing Pros 032 (SAMPLE),"Home Services, Plumbing, Water Heater Installation/Repair",Tucson,AZ,1,2017-02-12 00:00:00,"They were not late at all, which was a nice change. I will definitely use them again for the next project. It was a two story house in the foothills.",0,0,1,4.0,60
sample_rev_00448,sample_biz_016,Plumbing Pros 016 (SAMPLE),"Home Services, Plumbing, Water Heater Installation/Repair",Tucson,AZ,5,2020-02-02 00:00:00,"Exposed wires and sparks from the panel, a real fire hazard. It was a two story house in the foothills. The estimate visit took about thirty minutes.",2,0,1,4.0,48
sample_rev_00445,sample_biz_016,Plumbing Pros 016 (SAMPLE),"Home Services, Plumbing, Water Heater Installation/Repair",Tucson,AZ,5,2019-10-12 00:00:00,The work looks fantastic and they cleaned up completely.,1,0,1,4.0,48
sample_rev_00259,sample_biz_008,Plumbing Pros 008 (SAMPLE),"Home Services, Plumbing, Water Heater Installation/Repair",Tucson,AZ,5,2020-10-20 00:00:00,"I will definitely use them again for the next project. Excellent communication, they called back within the hour. The technician was friendly, professional and explained everything clearly.",1,0,0,3.0,60
sample_rev_00204,sample_biz_007,Landscaping Pros 007 (SAMPLE),"Home Services, Landscaping, Tree Services",Tucson,AZ,5,2016-08-16 00:00:00,The work looks fantastic and they cleaned up completely. It was a two story house in the foothills.,0,0,0,4.5,14
sample_rev_00713,sample_biz_026,HVAC Pros 026 (SAMPLE),"Home Services, Heating & Air Conditioning/HVAC",Tucson,AZ,1,2018-01-18 00:00:00,We called them after seeing the listing online. Would not recommend. He left the job unfinished and never came back. The estimate visit took about thirty minutes.,3,0,0,3.0,60
sample_rev_00789,sample_biz_028,Movers Pros 028 (SAMPLE),"Home Services, Movers, Packing Services",Tucson,AZ,1,2018-09-13 00:00:00,They never showed up and did not even call to cancel. Zero communication and no response to my emails. We called them after seeing the listing online.,1,0,3,3.5,30
sample_rev_00908,sample_biz_032,Plumbing Pros 032 (SAMPLE),"Home Services, Plumbing, Water Heater Installation/Repair",Tucson,AZ,4,2017-11-13 00:00:00,"The estimate visit took about thirty minutes. We have lived here for about six years. Quick response, quality work and a very reasonable estimate. Excellent communication, they called back within the hour. The work looks fantastic and they cleaned up completely.",2,0,0,4.0,60
sample_rev_00365,sample_biz_013,General Pros 013 (SAMPLE),"Home Services, Contractors, Handyman",Tucson,AZ,5,2018-08-17 00:00:00,We have lived here for about six years. No one would stand behind their work and they denied my claim. The estimate visit took about thirty minutes.,0,0,0,4.0,8
sample_rev_00728,sample_biz_026,HVAC Pros 026 (SAMPLE),"Home Services, Heating & Air Conditioning/HVAC",Tucson,AZ,1,2019-04-03 00:00:00,After two missed appointments I gave up on them. It was a two story house in the foothills. We called them after seeing the listing online.,2,0,1,3.0,60
sample_rev_00077,sample_biz_002,HVAC Pros 002 (SAMPLE),"Home Services, Heating & Air Conditioning/HVAC",Tucson,AZ,3,2017-05-22 00:00:00,"Very safe and careful, everything was done to code and permitted. Good crew overall, although the price was a bit higher than I expected. We have lived here for about six years.",1,1,0,4.5,36
sample_rev_00084,sample_biz_002,HVAC Pros 002 (SAMPLE),"Home Services, Heating & Air Conditioning/HVAC",Tucson,AZ,5,2018-08-29 00:00:00,"The work looks fantastic and they cleaned up completely. Excellent communication, they called back within the hour. They honored the warranty without any hassle which I really appreciated.",1,0,0,4.5,36
sample_rev_00850,sample_biz_030,Home Pros 030 (SAMPLE),"Home Services, Home Cleaning, Carpet Cleaning",Tucson,AZ,3,2021-11-28 00:00:00,"The work itself was decent but the communication could have been better. The technician was friendly, professional and explained everything clearly. We have lived here for about six years.",2,0,0,2.5,30
sample_rev_00082,sample_biz_002,HVAC Pros 002 (SAMPLE),"Home Services, Heating & Air Conditioning/HVAC",Tucson,AZ,5,2018-02-22 00:00:00,"The estimate visit took about thirty minutes. They arrived on time and finished the job faster than expected. Excellent communication, they called back within the hour.",3,0,0,4.5,36
sample_rev_00457,sample_biz_016,Plumbing Pros 016 (SAMPLE),"Home Services, Plumbing, Water Heater Installation/Repair",Tucson,AZ,5,2021-01-03 00:00:00,"Quick response, quality work and a very reasonable estimate. I will definitely use them again for the next project. They arrived on time and finished the job faster than expected.",1,0,1,4.0,48
sample_rev_01113,sample_biz_038,Home Pros 038 (SAMPLE),"Home Services, Home Cleaning, Carpet Cleaning",Tucson,AZ,5,2019-01-13 00:00:00,They honored the warranty without any hassle which I really appreciated.,2,1,0,4.0,36
sample_rev_00591,sample_biz_021,General Pros 021 (SAMPLE),"Home Services, Contractors, Handyman",Tucson,AZ,4,2019-02-12 00:00:00,"Great service from start to finish and I would recommend them to anyone. They honored the warranty without any hassle which I really appreciated. Excellent communication, they called back within the hour. We called them after seeing the listing online. We have lived here for about six years.",0,1,0,3.0,36
sample_rev_00772,sample_biz_027,Roofing Pros 027 (SAMPLE),"Home Services, Roofing, Contractors",Tucson,AZ,5,2017-12-24 00:00:00,"Very safe and careful, everything was done to code and permitted. They honored the warranty without any hassle which I really appreciated. We have lived here for about six years. The technician was friendly, professional and explained everything clearly.",0,0,0,3.5,14
sample_rev_00708,sample_biz_025,Electricians Pros 025 (SAMPLE),"Home Services, Electricians, Lighting Fixtures & Equipment",Tucson,AZ,5,2021-11-14 00:00:00,The appointment was scheduled for a Tuesday morning. Great service from start to finish and I would recommend them to anyone. I will definitely use them again for the next project.,0,1,0,3.5,14
sample_rev_00436,sample_biz_016,Plumbing Pros 016 (SAMPLE),"Home Services, Plumbing, Water Heater Installation/Repair",Tucson,AZ,4,2018-08-24 00:00:00,"Great service from start to finish and I would recommend them to anyone. It was a two story house in the foothills. Very safe and careful, everything was done to code and permitted.",0,1,1,4.0,48
sample_rev_00532,sample_biz_019,Roofing Pros 019 (SAMPLE),"Home Services, Roofing, Contractors",Tucson,AZ,1,2019-08-21 00:00:00,"The appointment was scheduled for a Tuesday morning. Very unprofessional, he was yelling at his helper in my driveway. It was a two story house in the foothills.",1,0,0,3.0,60
sample_rev_00528,sample_biz_019,Roofing Pros 019 (SAMPLE),"Home Services, Roofing, Contractors",Tucson,AZ,5,2019-04-21 00:00:00,Fair price and no surprises on the final bill. We have lived here for about six years. The estimate visit took about thirty minutes.,0,0,1,3.0,60
sample_rev_01119,sample_biz_038,Home Pros 038 (SAMPLE),"Home Services, Home Cleaning, Carpet Cleaning",Tucson,AZ,5,2019-09-12 00:00:00,They honored the warranty without any hassle which I really appreciated. I will definitely use them again for the next project. Great service from start to finish and I would recommend them to anyone.,0,0,0,4.0,36
sample_rev_00350,sample_biz_011,Roofing Pros 011 (SAMPLE),"Home Services, Roofing, Contractors",Tucson,AZ,1,2021-05-23 00:00:00,The office ignored my messages and nobody returned my calls. We called them after seeing the listing online. It was a two story house in the foothills. He left the job unfinished and never came back.,0,0,1,3.0,24
sample_rev_01062,sample_biz_036,Movers Pros 036 (SAMPLE),"Home Services, Movers, Packing Services",Tucson,AZ,4,2019-12-25 00:00:00,"No hidden fees, the quote matched the invoice exactly. Very safe and careful, everything was done to code and permitted. It was a two story house in the foothills.",1,0,0,4.0,36
sample_rev_00464,sample_biz_016,Plumbing Pros 016 (SAMPLE),"Home Services, Plumbing, Water Heater Installation/Repair",Tucson,AZ,5,2021-05-23 00:00:00,"Great service from start to finish and I would recommend them to anyone. The appointment was scheduled for a Tuesday morning. The technician was friendly, professional and explained everything clearly. Quick response, quality work and a very reasonable estimate.",3,0,0,4.0,48
sample_rev_00005,sample_biz_000,Plumbing Pros 000 (SAMPLE),"Home Services, Plumbing, Water Heater Installation/Repair",Tucson,AZ,4,2018-04-21 00:00:00,"Quick response, quality work and a very reasonable estimate. It was a two story house in the foothills.",1,0,0,3.5,24
sample_rev_00310,sample_biz_010,HVAC Pros 010 (SAMPLE),"Home Services, Heating & Air Conditioning/HVAC",Tucson,AZ,5,2020-11-25 00:00:00,"The estimate visit took about thirty minutes. They honored the warranty without any hassle which I really appreciated. Great service from start to finish and I would recommend them to anyone. We called them after seeing the listing online. Excellent communication, they called back within the hour.",1,0,0,4.0,48
sample_rev_00404,sample_biz_015,Landscaping Pros 015 (SAMPLE),"Home Services, Landscaping, Tree Services",Tucson,AZ,5,2017-09-16 00:00:00,"None of it was up to code and they did the work with no permit. Very unprofessional, he was yelling at his helper in my driveway. The estimate visit took about thirty minutes. We have lived here for about six years.",0,0,1,4.0,24
sample_rev_01018,sample_biz_035,Roofing Pros 035 (SAMPLE),"Home Services, Roofing, Contractors",Tucson,AZ,4,2020-10-02 00:00:00,"Excellent communication, they called back within the hour. We called them after seeing the listing online. They arrived on time and finished the job faster than expected. The technician was friendly, professional and explained everything clearly.",2,0,1,4.5,60
sample_rev_00922,sample_biz_032,Plumbing Pros 032 (SAMPLE),"Home Services, Plumbing, Water Heater Installation/Repair",Tucson,AZ,2,2019-07-19 00:00:00,The appointment was scheduled for a Tuesday morning. They overcharged me and the final bill was $600 more than quoted. The project took forever and was weeks behind schedule.,1,0,1,4.0,60
sample_rev_00104,sample_biz_002,HVAC Pros 002 (SAMPLE),"Home Services, Heating & Air Conditioning/HVAC",Tucson,AZ,4,2021-09-22 00:00:00,"Quick response, quality work and a very reasonable estimate.",0,0,0,4.5,36
sample_rev_00097,sample_biz_002,HVAC Pros 002 (SAMPLE),"Home Services, Heating & Air Conditioning/HVAC",Tucson,AZ,5,2020-12-16 00:00:00,"I will definitely use them again for the next project. The technician was friendly, professional and explained everything clearly. It was a two story house in the foothills. We called them after seeing the listing online. They honored the warranty without any hassle which I really appreciated.",1,1,1,4.5,36
sample_rev_01013,sample_biz_035,Roofing Pros 035 (SAMPLE),"Home Services, Roofing, Contractors",Tucson,AZ,5,2020-03-19 00:00:00,"We called them after seeing the listing online. Excellent communication, they called back within the hour.",2,1,0,4.5,60
sample_rev_00839,sample_biz_030,Home Pros 030 (SAMPLE),"Home Services, Home Cleaning, Carpet Cleaning",Tucson,AZ,5,2020-09-03 00:00:00,"Quick response, quality work and a very reasonable estimate. Fair price and no surprises on the final bill.",0,0,0,2.5,30
sample_rev_00493,sample_biz_018,HVAC Pros 018 (SAMPLE),"Home Services, Heating & Air Conditioning/HVAC",Tucson,AZ,5,2018-01-06 00:00:00,The appointment was scheduled for a Tuesday morning. Completely unresponsive once they had my deposit. He left the job unfinished and never came back. We called them after seeing the listing online.,2,0,0,2.5,24
sample_rev_00874,sample_biz_031,Landscaping Pros 031 (SAMPLE),"Home Services, Landscaping, Tree Services",Tucson,AZ,5,2020-03-23 00:00:00,"We have lived here for about six years. Very unprofessional, he was yelling at his helper in my driveway. We called them after seeing the listing online.",2,0,0,4.0,48
sample_rev_00314,sample_biz_010,HVAC Pros 010 (SAMPLE),"Home Services, Heating & Air Conditioning/HVAC",Tucson,AZ,5,2021-04-26 00:00:00,Great service from start to finish and I would recommend them to anyone.,0,0,1,4.0,48
sample_rev_00923,sample_biz_032,Plumbing Pros 032 (SAMPLE),"Home Services, Plumbing, Water Heater Installation/Repair",Tucson,AZ,4,2019-08-30 00:00:00,"Great service from start to finish and I would recommend them to anyone. The appointment was scheduled for a Tuesday morning. Excellent communication, they called back within the hour.",0,0,0,4.0,60
sample_rev_00582,sample_biz_021,General Pros 021 (SAMPLE),"Home Services, Contractors, Handyman",Tucson,AZ,4,2017-12-01 00:00:00,"I will definitely use them again for the next project. We have lived here for about six years. Excellent communication, they called back within the hour. The estimate visit took about thirty minutes.",1,0,0,3.0,36
sample_rev_00062,sample_biz_001,Electricians Pros 001 (SAMPLE),"Home Services, Electricians, Lighting Fixtures & Equipment",Tucson,AZ,1,2021-05-06 00:00:00,The estimate visit took about thirty minutes. The repair did not fix the problem and they left a huge mess behind.,0,0,0,3.5,48
sample_rev_00281,sample_biz_009,Electricians Pros 009 (SAMPLE),"Home Services, Electricians, Lighting Fixtures & Equipment",Tucson,AZ,1,2021-11-02 00:00:00,"We have lived here for about six years. Would not recommend. Shoddy workmanship, I had to hire someone else to redo the whole job.",4,0,1,3.0,8
sample_rev_00714,sample_biz_026,HVAC Pros 026 (SAMPLE),"Home Services, Heating & Air Conditioning/HVAC",Tucson,AZ,5,2018-03-04 00:00:00,"Fair price and no surprises on the final bill. Excellent communication, they called back within the hour.",0,0,0,3.0,60
sample_rev_00266,sample_biz_008,Plumbing Pros 008 (SAMPLE),"Home Services, Plumbing, Water Heater Installation/Repair",Tucson,AZ,5,2021-06-02 00:00:00,"It was a two story house in the foothills. No hidden fees, the quote matched the invoice exactly. The work looks fantastic and they cleaned up completely. Fair price and no surprises on the final bill. They arrived on time and finished the job faster than expected. The estimate visit took about thirty minutes.",0,0,1,3.0,60
sample_rev_00820,sample_biz_029,General Pros 029 (SAMPLE),"Home Services, Contractors, Handyman",Tucson,AZ,5,2021-09-19 00:00:00,They arrived on time and finished the job faster than expected. Great service from start to finish and I would recommend them to anyone. Fair price and no surprises on the final bill.,0,0,0,2.5,8
sample_rev_00238,sample_biz_008,Plumbing Pros 008 (SAMPLE),"Home Services, Plumbing, Water Heater Installation/Repair",Tucson,AZ,1,2019-02-21 00:00:00,The appointment was scheduled for a Tuesday morning. They showed up three hours late and then left early. It was a two story house in the foothills.,0,0,0,3.0,60
sample_rev_00223,sample_biz_008,Plumbing Pros 008 (SAMPLE),"Home Services, Plumbing, Water Heater Installation/Repair",Tucson,AZ,4,2017-10-20 00:00:00,"Fair price and no surprises on the final bill. Quick response, quality work and a very reasonable estimate. We called them after seeing the listing online.",1,0,0,3.0,60
sample_rev_00145,sample_biz_005,General Pros 005 (SAMPLE),"Home Services, Contractors, Handyman",Tucson,AZ,4,2019-04-13 00:00:00,"They arrived on time and finished the job faster than expected. Quick response, quality work and a very reasonable estimate. The appointment was scheduled for a Tuesday morning. I will definitely use them again for the next project.",1,0,0,2.5,48
sample_rev_01094,sample_biz_037,General Pros 037 (SAMPLE),"Home Services, Contractors, Handyman",Tucson,AZ,5,2020-06-09 00:00:00,"It was a two story house in the foothills. We called them after seeing the listing online. Quick response, quality work and a very reasonable estimate. I will definitely use them again for the next project. Excellent communication, they called back within the hour.",2,0,0,4.0,30
sample_rev_00373,sample_biz_014,Home Pros 014 (SAMPLE),"Home Services, Home Cleaning, Carpet Cleaning",Tucson,AZ,3,2017-06-21 00:00:00,The work itself was decent but the communication could have been better. The estimate visit took about thirty minutes. The work looks fantastic and they cleaned up completely.,0,0,1,4.5,30
sample_rev_00711,sample_biz_026,HVAC Pros 026 (SAMPLE),"Home Services, Heating & Air Conditioning/HVAC",Tucson,AZ,2,2017-06-08 00:00:00,The estimate visit took about thirty minutes. We called them after seeing the listing online. After two missed appointments I gave up on them.,1,0,1,3.0,60
sample_rev_00118,sample_biz_004,Movers Pros 004 (SAMPLE),"Home Services, Movers, Packing Services",Tucson,AZ,1,2017-02-05 00:00:00,We have lived here for about six years. They left trash all over my yard and were disrespectful. The appointment was scheduled for a Tuesday morning.,1,0,0,2.5,14
sample_rev_01161,sample_biz_039,Landscaping Pros 039 (SAMPLE),"Home Services, Landscaping, Tree Services",Tucson,AZ,3,2020-10-19 00:00:00,"The technician was friendly, professional and explained everything clearly. The work itself was decent but the communication could have been better. The estimate visit took about thirty minutes.",4,1,1,3.5,30
sample_rev_00605,sample_biz_021,General Pros 021 (SAMPLE),"Home Services, Contractors, Handyman",Tucson,AZ,3,2021-04-16 00:00:00,"We have lived here for about six years. Excellent communication, they called back within the hour. Good crew overall, although the price was a bit higher than I expected.",1,0,0,3.0,36
sample_rev_00250,sample_biz_008,Plumbing Pros 008 (SAMPLE),"Home Services, Plumbing, Water Heater Installation/Repair",Tucson,AZ,5,2020-07-26 00:00:00,The estimate visit took about thirty minutes. I will definitely use them again for the next project. Fair price and no surprises on the final bill.,2,1,1,3.0,60
sample_rev_01131,sample_biz_038,Home Pros 038 (SAMPLE),"Home Services, Home Cleaning, Carpet Cleaning",Tucson,AZ,5,2020-12-10 00:00:00,"Very safe and careful, everything was done to code and permitted.",2,0,0,4.0,36
sample_rev_00285,sample_biz_010,HVAC Pros 010 (SAMPLE),"Home Services, Heating & Air Conditioning/HVAC",Tucson,AZ,5,2016-08-02 00:00:00,"Excellent communication, they called back within the hour. It was a two story house in the foothills.",1,0,2,4.0,48
sample_rev_00311,sample_biz_010,HVAC Pros 010 (SAMPLE),"Home Services, Heating & Air Conditioning/HVAC",Tucson,AZ,4,2021-01-23 00:00:00,"We have lived here for about six years. Excellent communication, they called back within the hour. I will definitely use them again for the next project. Fair price and no surprises on the final bill.",1,1,0,4.0,48
sample_rev_00009,sample_biz_000,Plumbing Pros 000 (SAMPLE),"Home Services, Plumbing, Water Heater Installation/Repair",Tucson,AZ,5,2019-05-15 00:00:00,"The technician was friendly, professional and explained everything clearly. They arrived on time and finished the job faster than expected. They were not late at all, which was a nice change. Great service from start to finish and I would recommend them to anyone.",0,1,0,3.5,24
sample_rev_00449,sample_biz_016,Plumbing Pros 016 (SAMPLE),"Home Services, Plumbing, Water Heater Installation/Repair",Tucson,AZ,5,2020-04-04 00:00:00,It was a two story house in the foothills. The appointment was scheduled for a Tuesday morning. They botched the install and the finish is crooked and cracked.,1,0,0,4.0,48
sample_rev_00554,sample_biz_019,Roofing Pros 019 (SAMPLE),"Home Services, Roofing, Contractors",Tucson,AZ,5,2020-12-21 00:00:00,"The technician was friendly, professional and explained everything clearly. We called them after seeing the listing online. The work looks fantastic and they cleaned up completely.",1,0,1,3.0,60
sample_rev_00302,sample_biz_010,HVAC Pros 010 (SAMPLE),"Home Services, Heating & Air Conditioning/HVAC",Tucson,AZ,3,2020-02-06 00:00:00,"Good crew overall, although the price was a bit higher than I expected. They overcharged me and the final bill was $600 more than quoted. It was a two story house in the foothills.",0,0,1,4.0,48
sample_rev_00196,sample_biz_006,Home Pros 006 (SAMPLE),"Home Services, Home Cleaning, Carpet Cleaning",Tucson,AZ,2,2020-11-28 00:00:00,Fair price and no surprises on the final bill. We have lived here for about six years. Great service from start to finish and I would recommend them to anyone. It was a two story house in the foothills.,0,0,1,2.5,24
sample_rev_00834,sample_biz_030,Home Pros 030 (SAMPLE),"Home Services, Home Cleaning, Carpet Cleaning",Tucson,AZ,1,2020-01-27 00:00:00,"Very unprofessional, he was yelling at his helper in my driveway. We called them after seeing the listing online.",2,0,1,2.5,30
sample_rev_00389,sample_biz_014,Home Pros 014 (SAMPLE),"Home Services, Home Cleaning, Carpet Cleaning",Tucson,AZ,4,2021-01-01 00:00:00,"Excellent communication, they called back within the hour. The appointment was scheduled for a Tuesday morning. Very safe and careful, everything was done to code and permitted. The work looks fantastic and they cleaned up completely.",2,0,0,4.5,30
sample_rev_00759,sample_biz_026,HVAC Pros 026 (SAMPLE),"Home Services, Heating & Air Conditioning/HVAC",Tucson,AZ,3,2021-05-31 00:00:00,"They were a little late but the quality of the repair was good. Shoddy workmanship, I had to hire someone else to redo the whole job. We called them after seeing the listing online.",0,0,1,3.0,60
sample_rev_00460,sample_biz_016,Plumbing Pros 016 (SAMPLE),"Home Services, Plumbing, Water Heater Installation/Repair",Tucson,AZ,5,2021-02-12 00:00:00,"No hidden fees, the quote matched the invoice exactly. Quick response, quality work and a very reasonable estimate. I will definitely use them again for the next project.",1,0,1,4.0,48
sample_rev_00988,sample_biz_035,Roofing Pros 035 (SAMPLE),"Home Services, Roofing, Contractors",Tucson,AZ,5,2016-12-15 00:00:00,"We called them after seeing the listing online. Quick response, quality work and a very reasonable estimate. It was a two story house in the foothills. Fair price and no surprises on the final bill. They were not late at all, which was a nice change.",2,0,0,4.5,60
sample_rev_00144,sample_biz_005,General Pros 005 (SAMPLE),"Home Services, Contractors, Handyman",Tucson,AZ,4,2019-02-20 00:00:00,"The technician was friendly, professional and explained everything clearly. They honored the warranty without any hassle which I really appreciated.",0,0,1,2.5,48
sample_rev_00501,sample_biz_018,HVAC Pros 018 (SAMPLE),"Home Services, Heating & Air Conditioning/HVAC",Tucson,AZ,3,2020-01-20 00:00:00,The company will not cover the repair even though it is under warranty. They were a little late but the quality of the repair was good. It was a two story house in the foothills.,1,0,0,2.5,24
sample_rev_01083,sample_biz_037,General Pros 037 (SAMPLE),"Home Services, Contractors, Handyman",Tucson,AZ,4,2018-05-16 00:00:00,"The work looks fantastic and they cleaned up completely. We have lived here for about six years. The appointment was scheduled for a Tuesday morning. They were not late at all, which was a nice change.",1,1,0,4.0,30
sample_rev_00177,sample_biz_005,General Pros 005 (SAMPLE),"Home Services, Contractors, Handyman",Tucson,AZ,3,2021-11-25 00:00:00,It was a two story house in the foothills. The work looks fantastic and they cleaned up completely. They were a little late but the quality of the repair was good.,0,1,0,2.5,48
sample_rev_01133,sample_biz_038,Home Pros 038 (SAMPLE),"Home Services, Home Cleaning, Carpet Cleaning",Tucson,AZ,4,2021-03-08 00:00:00,"The work looks fantastic and they cleaned up completely. He stayed on schedule and kept me updated by text. Great service from start to finish and I would recommend them to anyone. Excellent communication, they called back within the hour. The estimate visit took about thirty minutes.",0,0,1,4.0,36
sample_rev_01011,sample_biz_035,Roofing Pros 035 (SAMPLE),"Home Services, Roofing, Contractors",Tucson,AZ,5,2020-02-19 00:00:00,It was a two story house in the foothills. They honored the warranty without any hassle which I really appreciated.,1,0,1,4.5,60
sample_rev_00560,sample_biz_019,Roofing Pros 019 (SAMPLE),"Home Services, Roofing, Contractors",Tucson,AZ,2,2021-04-22 00:00:00,Price gouging after they said it was an emergency. The appointment was scheduled for a Tuesday morning. Would not recommend. We have lived here for about six years.,3,0,0,3.0,60
sample_rev_01168,sample_biz_039,Landscaping Pros 039 (SAMPLE),"Home Services, Landscaping, Tree Services",Tucson,AZ,5,2021-06-02 00:00:00,"Quick response, quality work and a very reasonable estimate. They arrived on time and finished the job faster than expected. We called them after seeing the listing online. The estimate visit took about thirty minutes. They honored the warranty without any hassle which I really appreciated.",3,0,1,3.5,30
sample_rev_00007,sample_biz_000,Plumbing Pros 000 (SAMPLE),"Home Services, Plumbing, Water Heater Installation/Repair",Tucson,AZ,5,2019-02-10 00:00:00,Great service from start to finish and I would recommend them to anyone. We called them after seeing the listing online. They arrived on time and finished the job faster than expected.,1,0,1,3.5,24
sample_rev_00533,sample_biz_019,Roofing Pros 019 (SAMPLE),"Home Services, Roofing, Contractors",Tucson,AZ,2,2019-08-22 00:00:00,The company will not cover the repair even though it is under warranty. The appointment was scheduled for a Tuesday morning.,0,1,0,3.0,60
sample_rev_01159,sample_biz_039,Landscaping Pros 039 (SAMPLE),"Home Services, Landscaping, Tree Services",Tucson,AZ,5,2020-08-28 00:00:00,The work looks fantastic and they cleaned up completely. The estimate visit took about thirty minutes. They gave a lifetime warranty on the parts. I will definitely use them again for the next project. Great service from start to finish and I would recommend them to anyone.,0,0,0,3.5,30
sample_rev_00357,sample_biz_012,Movers Pros 012 (SAMPLE),"Home Services, Movers, Packing Services",Tucson,AZ,2,2019-10-06 00:00:00,They never called back despite five voicemails. It was a two story house in the foothills. We have lived here for about six years.,2,0,1,3.0,8
sample_rev_00329,sample_biz_010,HVAC Pros 010 (SAMPLE),"Home Services, Heating & Air Conditioning/HVAC",Tucson,AZ,4,2021-11-20 00:00:00,"The work looks fantastic and they cleaned up completely. Quick response, quality work and a very reasonable estimate. They gave a lifetime warranty on the parts. Fair price and no surprises on the final bill.",3,0,2,4.0,48
sample_rev_00677,sample_biz_024,Plumbing Pros 024 (SAMPLE),"Home Services, Plumbing, Water Heater Installation/Repair",Tucson,AZ,2,2020-11-19 00:00:00,It was a two story house in the foothills. They left trash all over my yard and were disrespectful. They showed up three hours late and then left early. After two missed appointments I gave up on them.,2,0,0,2.5,36
sample_rev_01061,sample_biz_036,Movers Pros 036 (SAMPLE),"Home Services, Movers, Packing Services",Tucson,AZ,5,2019-11-05 00:00:00,The appointment was scheduled for a Tuesday morning. They honored the warranty without any hassle which I really appreciated. He stayed on schedule and kept me updated by text. Great service from start to finish and I would recommend them to anyone. I will definitely use them again for the next project.,0,0,2,4.0,36
sample_rev_00258,sample_biz_008,Plumbing Pros 008 (SAMPLE),"Home Services, Plumbing, Water Heater Installation/Repair",Tucson,AZ,2,2020-10-12 00:00:00,We called them after seeing the listing online. Would not recommend. The project took forever and was weeks behind schedule.,1,0,0,3.0,60
sample_rev_00918,sample_biz_032,Plumbing Pros 032 (SAMPLE),"Home Services, Plumbing, Water Heater Installation/Repair",Tucson,AZ,5,2019-04-18 00:00:00,"The technician was friendly, professional and explained everything clearly. The estimate visit took about thirty minutes. They arrived on time and finished the job faster than expected. We have lived here for about six years.",0,0,0,4.0,60
sample_rev_00848,sample_biz_030,Home Pros 030 (SAMPLE),"Home Services, Home Cleaning, Carpet Cleaning",Tucson,AZ,1,2021-10-13 00:00:00,We have lived here for about six years. They left trash all over my yard and were disrespectful. We called them after seeing the listing online.,0,0,1,2.5,30
sample_rev_01046,sample_biz_036,Movers Pros 036 (SAMPLE),"Home Services, Movers, Packing Services",Tucson,AZ,5,2017-08-08 00:00:00,"Very safe and careful, everything was done to code and permitted. The appointment was scheduled for a Tuesday morning. The work looks fantastic and they cleaned up completely. It was a two story house in the foothills.",3,1,0,4.0,36
sample_rev_00793,sample_biz_028,Movers Pros 028 (SAMPLE),"Home Services, Movers, Packing Services",Tucson,AZ,5,2020-02-20 00:00:00,"Quick response, quality work and a very reasonable estimate. Very safe and careful, everything was done to code and permitted. Great service from start to finish and I would recommend them to anyone. We have lived here for about six years. We called them after seeing the listing online.",1,0,1,3.5,30
sample_rev_00525,sample_biz_019,Roofing Pros 019 (SAMPLE),"Home Services, Roofing, Contractors",Tucson,AZ,3,2019-01-14 00:00:00,It was a two story house in the foothills. The office ignored my messages and nobody returned my calls. They were a little late but the quality of the repair was good.,2,1,1,3.0,60
sample_rev_01079,sample_biz_037,General Pros 037 (SAMPLE),"Home Services, Contractors, Handyman",Tucson,AZ,4,2016-09-14 00:00:00,"Very safe and careful, everything was done to code and permitted. The technician was friendly, professional and explained everything clearly. Fair price and no surprises on the final bill.",1,0,1,4.0,30
sample_rev_00634,sample_biz_022,Home Pros 022 (SAMPLE),"Home Services, Home Cleaning, Carpet Cleaning",Tucson,AZ,1,2020-12-21 00:00:00,The appointment was scheduled for a Tuesday morning. They refused to honor the warranty when it broke a week later. The estimate visit took about thirty minutes.,2,1,0,3.5,30
sample_rev_00721,sample_biz_026,HVAC Pros 026 (SAMPLE),"Home Services, Heating & Air Conditioning/HVAC",Tucson,AZ,1,2018-08-17 00:00:00,We called them after seeing the listing online. It was a two story house in the foothills. The crew was a no show on the day of the appointment.,1,0,0,3.0,60
sample_rev_01116,sample_biz_038,Home Pros 038 (SAMPLE),"Home Services, Home Cleaning, Carpet Cleaning",Tucson,AZ,5,2019-05-10 00:00:00,"It was a two story house in the foothills. The appointment was scheduled for a Tuesday morning. Quick response, quality work and a very reasonable estimate. The technician was friendly, professional and explained everything clearly. No hidden fees, the quote matched the invoice exactly. Very safe and careful, everything was done to code and permitted.",1,0,0,4.0,36
sample_rev_00440,sample_biz_016,Plumbing Pros 016 (SAMPLE),"Home Services, Plumbing, Water Heater Installation/Repair",Tucson,AZ,3,2019-01-09 00:00:00,They were a little late but the quality of the repair was good. I waited all day and the technician arrived after dark. We called them after seeing the listing online.,0,1,0,4.0,48
sample_rev_00531,sample_biz_019,Roofing Pros 019 (SAMPLE),"Home Services, Roofing, Contractors",Tucson,AZ,3,2019-08-05 00:00:00,The estimate visit took about thirty minutes. They botched the install and the finish is crooked and cracked. The work itself was decent but the communication could have been better.,1,0,0,3.0,60
sample_rev_00916,sample_biz_032,Plumbing Pros 032 (SAMPLE),"Home Services, Plumbing, Water Heater Installation/Repair",Tucson,AZ,3,2019-02-18 00:00:00,The estimate visit took about thirty minutes. They were a little late but the quality of the repair was good. I asked for a refund under the guarantee and was told no.,1,0,1,4.0,60
sample_rev_00228,sample_biz_008,Plumbing Pros 008 (SAMPLE),"Home Services, Plumbing, Water Heater Installation/Repair",Tucson,AZ,3,2018-08-02 00:00:00,"The work itself was decent but the communication could have been better. We have lived here for about six years. Excellent communication, they called back within the hour.",1,0,0,3.0,60
sample_rev_01005,sample_biz_035,Roofing Pros 035 (SAMPLE),"Home Services, Roofing, Contractors",Tucson,AZ,5,2019-04-20 00:00:00,"They arrived on time and finished the job faster than expected. We called them after seeing the listing online. Excellent communication, they called back within the hour. It was a two story house in the foothills.",0,0,1,4.5,60
sample_rev_00212,sample_biz_007,Landscaping Pros 007 (SAMPLE),"Home Services, Landscaping, Tree Services",Tucson,AZ,5,2020-05-06 00:00:00,"Very safe and careful, everything was done to code and permitted. Quick response, quality work and a very reasonable estimate. We have lived here for about six years. Fair price and no surprises on the final bill.",1,0,1,4.5,14
sample_rev_00079,sample_biz_002,HVAC Pros 002 (SAMPLE),"Home Services, Heating & Air Conditioning/HVAC",Tucson,AZ,4,2017-06-05 00:00:00,We have lived here for about six years. I will definitely use them again for the next project. We called them after seeing the listing online.,0,0,0,4.5,36
sample_rev_00148,sample_biz_005,General Pros 005 (SAMPLE),"Home Services, Contractors, Handyman",Tucson,AZ,5,2019-10-25 00:00:00,The appointment was scheduled for a Tuesday morning. Fair price and no surprises on the final bill. They honored the warranty without any hassle which I really appreciated. Great service from start to finish and I would recommend them to anyone.,2,1,0,2.5,48
sample_rev_00666,sample_biz_024,Plumbing Pros 024 (SAMPLE),"Home Services, Plumbing, Water Heater Installation/Repair",Tucson,AZ,1,2019-01-22 00:00:00,The technician was rude and dismissive when I asked questions. The estimate visit took about thirty minutes. They showed up three hours late and then left early. We have lived here for about six years.,1,0,0,2.5,36
sample_rev_00566,sample_biz_019,Roofing Pros 019 (SAMPLE),"Home Services, Roofing, Contractors",Tucson,AZ,5,2021-10-13 00:00:00,"Excellent communication, they called back within the hour. They gave a lifetime warranty on the parts. The estimate visit took about thirty minutes. The work looks fantastic and they cleaned up completely. I will definitely use them again for the next project.",1,0,0,3.0,60
sample_rev_00133,sample_biz_005,General Pros 005 (SAMPLE),"Home Services, Contractors, Handyman",Tucson,AZ,1,2017-09-25 00:00:00,"The estimate visit took about thirty minutes. We called them after seeing the listing online. Constant delays, they rescheduled four times. The work was sloppy and the pipe is still leaking again after they left.",1,0,1,2.5,48
sample_rev_00750,sample_biz_026,HVAC Pros 026 (SAMPLE),"Home Services, Heating & Air Conditioning/HVAC",Tucson,AZ,2,2020-10-16 00:00:00,"We called them after seeing the listing online. It was a two story house in the foothills. The crew was a no show on the day of the appointment. Hidden fees everywhere, it felt like a complete rip off.",3,0,0,3.0,60
sample_rev_00408,sample_biz_015,Landscaping Pros 015 (SAMPLE),"Home Services, Landscaping, Tree Services",Tucson,AZ,4,2019-06-24 00:00:00,"Excellent communication, they called back within the hour. They were not late at all, which was a nice change. The estimate visit took about thirty minutes. Quick response, quality work and a very reasonable estimate. The technician was friendly, professional and explained everything clearly.",1,2,0,4.0,24
sample_rev_01035,sample_biz_035,Roofing Pros 035 (SAMPLE),"Home Services, Roofing, Contractors",Tucson,AZ,4,2021-09-06 00:00:00,"I will definitely use them again for the next project. The technician was friendly, professional and explained everything clearly. We have lived here for about six years. They honored the warranty without any hassle which I really appreciated.",0,0,0,4.5,60
sample_rev_00507,sample_biz_018,HVAC Pros 018 (SAMPLE),"Home Services, Heating & Air Conditioning/HVAC",Tucson,AZ,4,2021-07-03 00:00:00,They honored the warranty without any hassle which I really appreciated. The estimate visit took about thirty minutes.,1,0,0,2.5,24
sample_rev_00837,sample_biz_030,Home Pros 030 (SAMPLE),"Home Services, Home Cleaning, Carpet Cleaning",Tucson,AZ,2,2020-06-01 00:00:00,The estimate visit took about thirty minutes. We have lived here for about six years. Terrible attitude and a dirty truck full of garbage.,0,0,0,2.5,30
sample_rev_00504,sample_biz_018,HVAC Pros 018 (SAMPLE),"Home Services, Heating & Air Conditioning/HVAC",Tucson,AZ,5,2020-10-07 00:00:00,"It was a two story house in the foothills. They were not late at all, which was a nice change. Excellent communication, they called back within the hour.",2,0,1,2.5,24
sample_rev_00650,sample_biz_023,Landscaping Pros 023 (SAMPLE),"Home Services, Landscaping, Tree Services",Tucson,AZ,2,2018-07-26 00:00:00,It was a two story house in the foothills. They never showed up and did not even call to cancel.,3,0,0,2.5,14
sample_rev_00347,sample_biz_011,Roofing Pros 011 (SAMPLE),"Home Services, Roofing, Contractors",Tucson,AZ,2,2021-03-21 00:00:00,It was a two story house in the foothills. Zero communication and no response to my emails. The crew was a no show on the day of the appointment.,0,0,0,3.0,24
sample_rev_00386,sample_biz_014,Home Pros 014 (SAMPLE),"Home Services, Home Cleaning, Carpet Cleaning",Tucson,AZ,5,2020-06-24 00:00:00,The work looks fantastic and they cleaned up completely. They gave a lifetime warranty on the parts. I will definitely use them again for the next project. We have lived here for about six years. They arrived on time and finished the job faster than expected.,0,0,1,4.5,30
sample_rev_00000,sample_biz_000,Plumbing Pros 000 (SAMPLE),"Home Services, Plumbing, Water Heater Installation/Repair",Tucson,AZ,1,2017-07-27 00:00:00,No one would stand behind their work and they denied my claim. The estimate visit took about thirty minutes.,0,0,0,3.5,24
sample_rev_00360,sample_biz_012,Movers Pros 012 (SAMPLE),"Home Services, Movers, Packing Services",Tucson,AZ,1,2021-07-30 00:00:00,"Would not recommend. The appointment was scheduled for a Tuesday morning. Zero communication and no response to my emails. Shoddy workmanship, I had to hire someone else to redo the whole job.",0,0,1,3.0,8
sample_rev_01109,sample_biz_038,Home Pros 038 (SAMPLE),"Home Services, Home Cleaning, Carpet Cleaning",Tucson,AZ,1,2017-08-05 00:00:00,It was a two story house in the foothills. Would not recommend. The technician was rude and dismissive when I asked questions.,1,1,0,4.0,36
sample_rev_00475,sample_biz_017,Electricians Pros 017 (SAMPLE),"Home Services, Electricians, Lighting Fixtures & Equipment",Tucson,AZ,4,2018-06-17 00:00:00,Great service from start to finish and I would recommend them to anyone. Fair price and no surprises on the final bill. We have lived here for about six years. They arrived on time and finished the job faster than expected.,1,0,0,4.5,14
sample_rev_00746,sample_biz_026,HVAC Pros 026 (SAMPLE),"Home Services, Heating & Air Conditioning/HVAC",Tucson,AZ,5,2020-07-20 00:00:00,"We have lived here for about six years. Excellent communication, they called back within the hour. Great service from start to finish and I would recommend them to anyone. They arrived on time and finished the job faster than expected. It was a two story house in the foothills.",3,0,1,3.0,60
sample_rev_00723,sample_biz_026,HVAC Pros 026 (SAMPLE),"Home Services, Heating & Air Conditioning/HVAC",Tucson,AZ,1,2018-08-27 00:00:00,It was a two story house in the foothills. We have lived here for about six years. The crew was a no show on the day of the appointment.,1,0,0,3.0,60
sample_rev_00172,sample_biz_005,General Pros 005 (SAMPLE),"Home Services, Contractors, Handyman",Tucson,AZ,1,2021-05-26 00:00:00,"The appointment was scheduled for a Tuesday morning. Shoddy workmanship, I had to hire someone else to redo the whole job. Constant delays, they rescheduled four times.",0,0,0,2.5,48
sample_rev_00450,sample_biz_016,Plumbing Pros 016 (SAMPLE),"Home Services, Plumbing, Water Heater Installation/Repair",Tucson,AZ,3,2020-05-13 00:00:00,"Very safe and careful, everything was done to code and permitted. We have lived here for about six years. They were a little late but the quality of the repair was good.",0,1,0,4.0,48
sample_rev_00125,sample_biz_004,Movers Pros 004 (SAMPLE),"Home Services, Movers, Packing Services",Tucson,AZ,1,2021-03-10 00:00:00,We have lived here for about six years. The appointment was scheduled for a Tuesday morning. The unlicensed crew left the roof unsafe and water came through.,1,0,0,2.5,14
sample_rev_00615,sample_biz_021,General Pros 021 (SAMPLE),"Home Services, Contractors, Handyman",Tucson,AZ,1,2021-12-17 00:00:00,We have lived here for about six years. Would not recommend. I waited all day and the technician arrived after dark.,1,1,0,3.0,36
sample_rev_00530,sample_biz_019,Roofing Pros 019 (SAMPLE),"Home Services, Roofing, Contractors",Tucson,AZ,5,2019-07-21 00:00:00,We have lived here for about six years. They arrived on time and finished the job faster than expected. It was a two story house in the foothills. Fair price and no surprises on the final bill.,1,0,0,3.0,60
sample_rev_00090,sample_biz_002,HVAC Pros 002 (SAMPLE),"Home Services, Heating & Air Conditioning/HVAC",Tucson,AZ,5,2020-01-15 00:00:00,It was a two story house in the foothills. Great service from start to finish and I would recommend them to anyone.,1,0,0,4.5,36
sample_rev_01136,sample_biz_038,Home Pros 038 (SAMPLE),"Home Services, Home Cleaning, Carpet Cleaning",Tucson,AZ,5,2021-04-24 00:00:00,"Very safe and careful, everything was done to code and permitted. The appointment was scheduled for a Tuesday morning. The technician was friendly, professional and explained everything clearly. We have lived here for about six years.",1,0,0,4.0,36
sample_rev_00181,sample_biz_006,Home Pros 006 (SAMPLE),"Home Services, Home Cleaning, Carpet Cleaning",Tucson,AZ,4,2017-10-20 00:00:00,"Fair price and no surprises on the final bill. We called them after seeing the listing online. Excellent communication, they called back within the hour. They honored the warranty without any hassle which I really appreciated.",0,0,1,2.5,24
sample_rev_00761,sample_biz_026,HVAC Pros 026 (SAMPLE),"Home Services, Heating & Air Conditioning/HVAC",Tucson,AZ,4,2021-08-18 00:00:00,"The technician was friendly, professional and explained everything clearly. The work looks fantastic and they cleaned up completely. I will definitely use them again for the next project. We have lived here for about six years.",0,0,1,3.0,60
sample_rev_01173,sample_biz_039,Landscaping Pros 039 (SAMPLE),"Home Services, Landscaping, Tree Services",Tucson,AZ,4,2022-01-05 00:00:00,"Quick response, quality work and a very reasonable estimate. The technician was friendly, professional and explained everything clearly. He stayed on schedule and kept me updated by text. Fair price and no surprises on the final bill.",1,0,0,3.5,30
sample_rev_00251,sample_biz_008,Plumbing Pros 008 (SAMPLE),"Home Services, Plumbing, Water Heater Installation/Repair",Tucson,AZ,1,2020-08-04 00:00:00,No one would stand behind their work and they denied my claim. Would not recommend. They showed up three hours late and then left early. We called them after seeing the listing online. The estimate visit took about thirty minutes.,2,0,1,3.0,60
sample_rev_00069,sample_biz_001,Electricians Pros 001 (SAMPLE),"Home Services, Electricians, Lighting Fixtures & Equipment",Tucson,AZ,5,2021-10-20 00:00:00,Fair price and no surprises on the final bill. They honored the warranty without any hassle which I really appreciated. I will definitely use them again for the next project. We called them after seeing the listing online.,0,0,0,3.5,48
sample_rev_00131,sample_biz_005,General Pros 005 (SAMPLE),"Home Services, Contractors, Handyman",Tucson,AZ,2,2017-03-10 00:00:00,"Quick response, quality work and a very reasonable estimate. I will definitely use them again for the next project.",0,0,0,2.5,48
sample_rev_00300,sample_biz_010,HVAC Pros 010 (SAMPLE),"Home Services, Heating & Air Conditioning/HVAC",Tucson,AZ,5,2019-06-16 00:00:00,"Great service from start to finish and I would recommend them to anyone. The technician was friendly, professional and explained everything clearly. It was a two story house in the foothills.",0,0,0,4.0,48
sample_rev_01042,sample_biz_036,Movers Pros 036 (SAMPLE),"Home Services, Movers, Packing Services",Tucson,AZ,3,2015-05-29 00:00:00,The unlicensed crew left the roof unsafe and water came through. The estimate visit took about thirty minutes. They were a little late but the quality of the repair was good.,2,1,1,4.0,36
sample_rev_00326,sample_biz_010,HVAC Pros 010 (SAMPLE),"Home Services, Heating & Air Conditioning/HVAC",Tucson,AZ,1,2021-09-23 00:00:00,"The appointment was scheduled for a Tuesday morning. It was a two story house in the foothills. Constant delays, they rescheduled four times.",1,0,1,4.0,48
sample_rev_00974,sample_biz_034,HVAC Pros 034 (SAMPLE),"Home Services, Heating & Air Conditioning/HVAC",Tucson,AZ,1,2018-08-06 00:00:00,"They showed up three hours late and then left early. The appointment was scheduled for a Tuesday morning. Shoddy workmanship, I had to hire someone else to redo the whole job.",2,0,1,2.0,8
sample_rev_00499,sample_biz_018,HVAC Pros 018 (SAMPLE),"Home Services, Heating & Air Conditioning/HVAC",Tucson,AZ,1,2019-06-11 00:00:00,The crew was a no show on the day of the appointment. Zero communication and no response to my emails. We have lived here for about six years. The appointment was scheduled for a Tuesday morning.,1,0,0,2.5,24
sample_rev_01120,sample_biz_038,Home Pros 038 (SAMPLE),"Home Services, Home Cleaning, Carpet Cleaning",Tucson,AZ,4,2019-10-17 00:00:00,The work looks fantastic and they cleaned up completely. The appointment was scheduled for a Tuesday morning. We have lived here for about six years. Great service from start to finish and I would recommend them to anyone.,1,0,1,4.0,36
sample_rev_01121,sample_biz_038,Home Pros 038 (SAMPLE),"Home Services, Home Cleaning, Carpet Cleaning",Tucson,AZ,5,2020-01-30 00:00:00,"Very safe and careful, everything was done to code and permitted. The appointment was scheduled for a Tuesday morning. The estimate visit took about thirty minutes. Excellent communication, they called back within the hour. The technician was friendly, professional and explained everything clearly.",2,0,1,4.0,36
sample_rev_00495,sample_biz_018,HVAC Pros 018 (SAMPLE),"Home Services, Heating & Air Conditioning/HVAC",Tucson,AZ,1,2018-04-27 00:00:00,He left the job unfinished and never came back. The office ignored my messages and nobody returned my calls. We called them after seeing the listing online.,0,0,0,2.5,24
sample_rev_00338,sample_biz_011,Roofing Pros 011 (SAMPLE),"Home Services, Roofing, Contractors",Tucson,AZ,1,2019-02-09 00:00:00,He left the job unfinished and never came back. The office ignored my messages and nobody returned my calls. The estimate visit took about thirty minutes. It was a two story house in the foothills.,2,0,0,3.0,24
sample_rev_00920,sample_biz_032,Plumbing Pros 032 (SAMPLE),"Home Services, Plumbing, Water Heater Installation/Repair",Tucson,AZ,4,2019-06-18 00:00:00,"Fair price and no surprises on the final bill. Quick response, quality work and a very reasonable estimate. It was a two story house in the foothills.",0,0,0,4.0,60
sample_rev_00164,sample_biz_005,General Pros 005 (SAMPLE),"Home Services, Contractors, Handyman",Tucson,AZ,5,2020-11-01 00:00:00,The appointment was scheduled for a Tuesday morning. It was a two story house in the foothills. Great service from start to finish and I would recommend them to anyone.,0,0,0,2.5,48
sample_rev_00028,sample_biz_001,Electricians Pros 001 (SAMPLE),"Home Services, Electricians, Lighting Fixtures & Equipment",Tucson,AZ,3,2018-03-02 00:00:00,They were a little late but the quality of the repair was good. Completely unresponsive once they had my deposit. We called them after seeing the listing online.,1,0,0,3.5,48
sample_rev_00516,sample_biz_019,Roofing Pros 019 (SAMPLE),"Home Services, Roofing, Contractors",Tucson,AZ,5,2017-07-21 00:00:00,"They arrived on time and finished the job faster than expected. It was a two story house in the foothills. The appointment was scheduled for a Tuesday morning. Quick response, quality work and a very reasonable estimate. Very safe and careful, everything was done to code and permitted.",1,0,0,3.0,60
sample_rev_00193,sample_biz_006,Home Pros 006 (SAMPLE),"Home Services, Home Cleaning, Carpet Cleaning",Tucson,AZ,1,2020-04-16 00:00:00,The estimate visit took about thirty minutes. The office ignored my messages and nobody returned my calls. We called them after seeing the listing online.,0,0,0,2.5,24
sample_rev_01049,sample_biz_036,Movers Pros 036 (SAMPLE),"Home Services, Movers, Packing Services",Tucson,AZ,5,2017-10-11 00:00:00,"Great service from start to finish and I would recommend them to anyone. Very safe and careful, everything was done to code and permitted. The work looks fantastic and they cleaned up completely.",0,1,0,4.0,36
sample_rev_00169,sample_biz_005,General Pros 005 (SAMPLE),"Home Services, Contractors, Handyman",Tucson,AZ,1,2021-03-28 00:00:00,"Very unprofessional, he was yelling at his helper in my driveway. We have lived here for about six years. The estimate visit took about thirty minutes. Shoddy workmanship, I had to hire someone else to redo the whole job. I waited all day and the technician arrived after dark. Would not recommend.",1,0,1,2.5,48
sample_rev_00682,sample_biz_024,Plumbing Pros 024 (SAMPLE),"Home Services, Plumbing, Water Heater Installation/Repair",Tucson,AZ,5,2021-03-15 00:00:00,"He stayed on schedule and kept me updated by text. Fair price and no surprises on the final bill. Very safe and careful, everything was done to code and permitted.",3,0,1,2.5,36
sample_rev_00173,sample_biz_005,General Pros 005 (SAMPLE),"Home Services, Contractors, Handyman",Tucson,AZ,1,2021-05-27 00:00:00,"The estimate visit took about thirty minutes. Shoddy workmanship, I had to hire someone else to redo the whole job. The project took forever and was weeks behind schedule.",4,0,1,2.5,48
sample_rev_00518,sample_biz_019,Roofing Pros 019 (SAMPLE),"Home Services, Roofing, Contractors",Tucson,AZ,3,2017-09-19 00:00:00,We have lived here for about six years. I will definitely use them again for the next project. The work itself was decent but the communication could have been better.,2,0,0,3.0,60
sample_rev_00879,sample_biz_031,Landscaping Pros 031 (SAMPLE),"Home Services, Landscaping, Tree Services",Tucson,AZ,4,2020-07-13 00:00:00,"They gave a lifetime warranty on the parts. Fair price and no surprises on the final bill. Excellent communication, they called back within the hour.",1,0,0,4.0,48
sample_rev_00690,sample_biz_024,Plumbing Pros 024 (SAMPLE),"Home Services, Plumbing, Water Heater Installation/Repair",Tucson,AZ,1,2021-10-01 00:00:00,"They showed up three hours late and then left early. The appointment was scheduled for a Tuesday morning. Very unprofessional, he was yelling at his helper in my driveway.",0,0,0,2.5,36
sample_rev_00491,sample_biz_018,HVAC Pros 018 (SAMPLE),"Home Services, Heating & Air Conditioning/HVAC",Tucson,AZ,1,2017-09-21 00:00:00,The crew was a no show on the day of the appointment. They never called back despite five voicemails. They overcharged me and the final bill was $600 more than quoted. It was a two story house in the foothills.,0,0,0,2.5,24
sample_rev_00073,sample_biz_002,HVAC Pros 002 (SAMPLE),"Home Services, Heating & Air Conditioning/HVAC",Tucson,AZ,4,2017-03-27 00:00:00,"We called them after seeing the listing online. The technician was friendly, professional and explained everything clearly.",1,1,0,4.5,36
sample_rev_00937,sample_biz_032,Plumbing Pros 032 (SAMPLE),"Home Services, Plumbing, Water Heater Installation/Repair",Tucson,AZ,4,2020-06-24 00:00:00,"Quick response, quality work and a very reasonable estimate. Fair price and no surprises on the final bill. Very safe and careful, everything was done to code and permitted.",1,1,0,4.0,60
sample_rev_00587,sample_biz_021,General Pros 021 (SAMPLE),"Home Services, Contractors, Handyman",Tucson,AZ,5,2018-10-24 00:00:00,"The appointment was scheduled for a Tuesday morning. I will definitely use them again for the next project. Quick response, quality work and a very reasonable estimate. Very safe and careful, everything was done to code and permitted.",0,0,1,3.0,36
sample_rev_00234,sample_biz_008,Plumbing Pros 008 (SAMPLE),"Home Services, Plumbing, Water Heater Installation/Repair",Tucson,AZ,5,2019-01-02 00:00:00,"Quick response, quality work and a very reasonable estimate. Very safe and careful, everything was done to code and permitted. We called them after seeing the listing online. Great service from start to finish and I would recommend them to anyone. The estimate visit took about thirty minutes.",1,0,1,3.0,60
sample_rev_00214,sample_biz_007,Landscaping Pros 007 (SAMPLE),"Home Services, Landscaping, Tree Services",Tucson,AZ,5,2021-06-05 00:00:00,"The technician was friendly, professional and explained everything clearly. The work looks fantastic and they cleaned up completely. We called them after seeing the listing online. Very safe and careful, everything was done to code and permitted.",2,0,1,4.5,14
sample_rev_00904,sample_biz_032,Plumbing Pros 032 (SAMPLE),"Home Services, Plumbing, Water Heater Installation/Repair",Tucson,AZ,5,2017-05-31 00:00:00,"Excellent communication, they called back within the hour. It was a two story house in the foothills. The appointment was scheduled for a Tuesday morning. Very safe and careful, everything was done to code and permitted. I will definitely use them again for the next project.",1,1,1,4.0,60
sample_rev_00132,sample_biz_005,General Pros 005 (SAMPLE),"Home Services, Contractors, Handyman",Tucson,AZ,1,2017-05-07 00:00:00,They honored the warranty without any hassle which I really appreciated. Fair price and no surprises on the final bill.,1,0,0,2.5,48
sample_rev_00704,sample_biz_025,Electricians Pros 025 (SAMPLE),"Home Services, Electricians, Lighting Fixtures & Equipment",Tucson,AZ,1,2020-02-09 00:00:00,Would not recommend. We called them after seeing the listing online. The appointment was scheduled for a Tuesday morning. The office ignored my messages and nobody returned my calls.,1,0,0,3.5,14
sample_rev_00898,sample_biz_031,Landscaping Pros 031 (SAMPLE),"Home Services, Landscaping, Tree Services",Tucson,AZ,3,2021-10-24 00:00:00,We called them after seeing the listing online. They never showed up and did not even call to cancel. They were a little late but the quality of the repair was good.,1,0,0,4.0,48
sample_rev_00185,sample_biz_006,Home Pros 006 (SAMPLE),"Home Services, Home Cleaning, Carpet Cleaning",Tucson,AZ,2,2018-12-01 00:00:00,We called them after seeing the listing online. The office ignored my messages and nobody returned my calls. It was a two story house in the foothills.,0,0,0,2.5,24
sample_rev_00041,sample_biz_001,Electricians Pros 001 (SAMPLE),"Home Services, Electricians, Lighting Fixtures & Equipment",Tucson,AZ,3,2020-01-31 00:00:00,We have lived here for about six years. They were a little late but the quality of the repair was good. They never called back despite five voicemails.,0,0,0,3.5,48
sample_rev_00108,sample_biz_003,Roofing Pros 003 (SAMPLE),"Home Services, Roofing, Contractors",Tucson,AZ,2,2016-12-10 00:00:00,I waited all day and the technician arrived after dark. We called them after seeing the listing online.,1,0,1,4.5,8
sample_rev_00813,sample_biz_028,Movers Pros 028 (SAMPLE),"Home Services, Movers, Packing Services",Tucson,AZ,5,2021-12-28 00:00:00,It was a two story house in the foothills. They arrived on time and finished the job faster than expected.,1,0,0,3.5,30
sample_rev_00568,sample_biz_019,Roofing Pros 019 (SAMPLE),"Home Services, Roofing, Contractors",Tucson,AZ,2,2021-11-06 00:00:00,The appointment was scheduled for a Tuesday morning. We called them after seeing the listing online. After two missed appointments I gave up on them.,1,1,0,3.0,60
sample_rev_00626,sample_biz_022,Home Pros 022 (SAMPLE),"Home Services, Home Cleaning, Carpet Cleaning",Tucson,AZ,2,2019-10-28 00:00:00,We have lived here for about six years. They botched the install and the finish is crooked and cracked.,2,0,0,3.5,30
sample_rev_00956,sample_biz_032,Plumbing Pros 032 (SAMPLE),"Home Services, Plumbing, Water Heater Installation/Repair",Tucson,AZ,5,2021-11-10 00:00:00,"They honored the warranty without any hassle which I really appreciated. Fair price and no surprises on the final bill. Quick response, quality work and a very reasonable estimate.",0,1,0,4.0,60
sample_rev_01129,sample_biz_038,Home Pros 038 (SAMPLE),"Home Services, Home Cleaning, Carpet Cleaning",Tucson,AZ,4,2020-08-22 00:00:00,They honored the warranty without any hassle which I really appreciated.,1,0,0,4.0,36
sample_rev_00483,sample_biz_017,Electricians Pros 017 (SAMPLE),"Home Services, Electricians, Lighting Fixtures & Equipment",Tucson,AZ,4,2021-09-28 00:00:00,"They were not late at all, which was a nice change. The work looks fantastic and they cleaned up completely. I will definitely use them again for the next project. We called them after seeing the listing online. Very safe and careful, everything was done to code and permitted.",1,0,0,4.5,14
sample_rev_00468,sample_biz_016,Plumbing Pros 016 (SAMPLE),"Home Services, Plumbing, Water Heater Installation/Repair",Tucson,AZ,5,2021-08-11 00:00:00,I will definitely use them again for the next project. Great service from start to finish and I would recommend them to anyone. They gave a lifetime warranty on the parts.,1,0,1,4.0,48
sample_rev_00024,sample_biz_001,Electricians Pros 001 (SAMPLE),"Home Services, Electricians, Lighting Fixtures & Equipment",Tucson,AZ,5,2017-01-05 00:00:00,"Excellent communication, they called back within the hour. The work looks fantastic and they cleaned up completely. The estimate visit took about thirty minutes. They honored the warranty without any hassle which I really appreciated.",1,0,1,3.5,48
sample_rev_00636,sample_biz_022,Home Pros 022 (SAMPLE),"Home Services, Home Cleaning, Carpet Cleaning",Tucson,AZ,4,2021-01-17 00:00:00,"Excellent communication, they called back within the hour. I will definitely use them again for the next project. They were not late at all, which was a nice change. It was a two story house in the foothills.",0,0,0,3.5,30
sample_rev_01041,sample_biz_035,Roofing Pros 035 (SAMPLE),"Home Services, Roofing, Contractors",Tucson,AZ,4,2022-01-03 00:00:00,"The technician was friendly, professional and explained everything clearly. They arrived on time and finished the job faster than expected. The appointment was scheduled for a Tuesday morning. The work looks fantastic and they cleaned up completely.",0,0,0,4.5,60
sample_rev_00722,sample_biz_026,HVAC Pros 026 (SAMPLE),"Home Services, Heating & Air Conditioning/HVAC",Tucson,AZ,4,2018-08-17 00:00:00,We called them after seeing the listing online. I will definitely use them again for the next project. Great service from start to finish and I would recommend them to anyone.,3,0,0,3.0,60
sample_rev_00950,sample_biz_032,Plumbing Pros 032 (SAMPLE),"Home Services, Plumbing, Water Heater Installation/Repair",Tucson,AZ,2,2021-05-12 00:00:00,"The repair did not fix the problem and they left a huge mess behind. I waited all day and the technician arrived after dark. The quote doubled once they started, classic bait and switch. We called them after seeing the listing online. The appointment was scheduled for a Tuesday morning.",1,0,0,4.0,60
sample_rev_00366,sample_biz_013,General Pros 013 (SAMPLE),"Home Services, Contractors, Handyman",Tucson,AZ,5,2019-08-12 00:00:00,"The appointment was scheduled for a Tuesday morning. We have lived here for about six years. Excellent communication, they called back within the hour.",0,0,0,4.0,8
sample_rev_00803,sample_biz_028,Movers Pros 028 (SAMPLE),"Home Services, Movers, Packing Services",Tucson,AZ,5,2021-03-27 00:00:00,"It was a two story house in the foothills. Quick response, quality work and a very reasonable estimate. They honored the warranty without any hassle which I really appreciated. He stayed on schedule and kept me updated by text.",0,0,0,3.5,30
sample_rev_01030,sample_biz_035,Roofing Pros 035 (SAMPLE),"Home Services, Roofing, Contractors",Tucson,AZ,5,2021-06-21 00:00:00,"Quick response, quality work and a very reasonable estimate. I will definitely use them again for the next project.",1,0,0,4.5,60
sample_rev_00383,sample_biz_014,Home Pros 014 (SAMPLE),"Home Services, Home Cleaning, Carpet Cleaning",Tucson,AZ,3,2019-07-14 00:00:00,They were a little late but the quality of the repair was good. The estimate visit took about thirty minutes. They overcharged me and the final bill was $600 more than quoted.,3,1,0,4.5,30
sample_rev_00454,sample_biz_016,Plumbing Pros 016 (SAMPLE),"Home Services, Plumbing, Water Heater Installation/Repair",Tucson,AZ,1,2020-10-12 00:00:00,The crew was a no show on the day of the appointment. We have lived here for about six years.,0,1,3,4.0,48
sample_rev_00264,sample_biz_008,Plumbing Pros 008 (SAMPLE),"Home Services, Plumbing, Water Heater Installation/Repair",Tucson,AZ,4,2021-05-27 00:00:00,It was a two story house in the foothills. Fair price and no surprises on the final bill. They gave a lifetime warranty on the parts. Great service from start to finish and I would recommend them to anyone. They honored the warranty without any hassle which I really appreciated.,2,0,0,3.0,60
sample_rev_00730,sample_biz_026,HVAC Pros 026 (SAMPLE),"Home Services, Heating & Air Conditioning/HVAC",Tucson,AZ,4,2019-06-26 00:00:00,"The technician was friendly, professional and explained everything clearly. Very safe and careful, everything was done to code and permitted. They arrived on time and finished the job faster than expected. We called them after seeing the listing online.",2,0,0,3.0,60
sample_rev_00936,sample_biz_032,Plumbing Pros 032 (SAMPLE),"Home Services, Plumbing, Water Heater Installation/Repair",Tucson,AZ,5,2020-06-05 00:00:00,The appointment was scheduled for a Tuesday morning. The work looks fantastic and they cleaned up completely.,0,0,0,4.0,60
sample_rev_00444,sample_biz_016,Plumbing Pros 016 (SAMPLE),"Home Services, Plumbing, Water Heater Installation/Repair",Tucson,AZ,1,2019-09-06 00:00:00,Price gouging after they said it was an emergency. The appointment was scheduled for a Tuesday morning.,1,0,1,4.0,48
sample_rev_00395,sample_biz_014,Home Pros 014 (SAMPLE),"Home Services, Home Cleaning, Carpet Cleaning",Tucson,AZ,4,2021-10-20 00:00:00,We called them after seeing the listing online. The appointment was scheduled for a Tuesday morning. They honored the warranty without any hassle which I really appreciated.,1,0,0,4.5,30
sample_rev_00712,sample_biz_026,HVAC Pros 026 (SAMPLE),"Home Services, Heating & Air Conditioning/HVAC",Tucson,AZ,3,2017-08-11 00:00:00,"Good crew overall, although the price was a bit higher than I expected. The appointment was scheduled for a Tuesday morning. I will definitely use them again for the next project.",1,0,0,3.0,60
sample_rev_00176,sample_biz_005,General Pros 005 (SAMPLE),"Home Services, Contractors, Handyman",Tucson,AZ,3,2021-10-22 00:00:00,They were a little late but the quality of the repair was good. The company will not cover the repair even though it is under warranty. We have lived here for about six years.,1,0,1,2.5,48
sample_rev_00018,sample_biz_000,Plumbing Pros 000 (SAMPLE),"Home Services, Plumbing, Water Heater Installation/Repair",Tucson,AZ,2,2020-06-28 00:00:00,"We have lived here for about six years. Shoddy workmanship, I had to hire someone else to redo the whole job. It was a two story house in the foothills.",1,0,0,3.5,24
sample_rev_00678,sample_biz_024,Plumbing Pros 024 (SAMPLE),"Home Services, Plumbing, Water Heater Installation/Repair",Tucson,AZ,3,2021-01-03 00:00:00,"Very safe and careful, everything was done to code and permitted. Good crew overall, although the price was a bit higher than I expected. The estimate visit took about thirty minutes.",0,0,0,2.5,36
sample_rev_00780,sample_biz_027,Roofing Pros 027 (SAMPLE),"Home Services, Roofing, Contractors",Tucson,AZ,1,2021-07-19 00:00:00,"Constant delays, they rescheduled four times. We have lived here for about six years.",1,0,0,3.5,14
sample_rev_00595,sample_biz_021,General Pros 021 (SAMPLE),"Home Services, Contractors, Handyman",Tucson,AZ,5,2019-09-01 00:00:00,"Very safe and careful, everything was done to code and permitted. They honored the warranty without any hassle which I really appreciated. We called them after seeing the listing online. Fair price and no surprises on the final bill.",0,0,0,3.0,36
sample_rev_00061,sample_biz_001,Electricians Pros 001 (SAMPLE),"Home Services, Electricians, Lighting Fixtures & Equipment",Tucson,AZ,1,2021-05-05 00:00:00,Terrible attitude and a dirty truck full of garbage. We called them after seeing the listing online. The estimate visit took about thirty minutes.,0,0,0,3.5,48
sample_rev_00272,sample_biz_008,Plumbing Pros 008 (SAMPLE),"Home Services, Plumbing, Water Heater Installation/Repair",Tucson,AZ,3,2021-12-02 00:00:00,"They refused to honor the warranty when it broke a week later. Good crew overall, although the price was a bit higher than I expected. We have lived here for about six years.",1,0,0,3.0,60
sample_rev_01101,sample_biz_037,General Pros 037 (SAMPLE),"Home Services, Contractors, Handyman",Tucson,AZ,5,2021-05-30 00:00:00,"The estimate visit took about thirty minutes. It was a two story house in the foothills. Quick response, quality work and a very reasonable estimate. Very safe and careful, everything was done to code and permitted.",0,0,0,4.0,30
sample_rev_00278,sample_biz_009,Electricians Pros 009 (SAMPLE),"Home Services, Electricians, Lighting Fixtures & Equipment",Tucson,AZ,1,2020-04-21 00:00:00,We have lived here for about six years. The unlicensed crew left the roof unsafe and water came through. We called them after seeing the listing online. Would not recommend.,1,0,0,3.0,8
sample_rev_01073,sample_biz_036,Movers Pros 036 (SAMPLE),"Home Services, Movers, Packing Services",Tucson,AZ,3,2021-06-08 00:00:00,"Good crew overall, although the price was a bit higher than I expected. Quick response, quality work and a very reasonable estimate. It was a two story house in the foothills.",1,0,0,4.0,36
sample_rev_00368,sample_biz_013,General Pros 013 (SAMPLE),"Home Services, Contractors, Handyman",Tucson,AZ,5,2020-03-15 00:00:00,Fair price and no surprises on the final bill. They honored the warranty without any hassle which I really appreciated. We have lived here for about six years. He stayed on schedule and kept me updated by text. The appointment was scheduled for a Tuesday morning.,0,0,0,4.0,8
sample_rev_00847,sample_biz_030,Home Pros 030 (SAMPLE),"Home Services, Home Cleaning, Carpet Cleaning",Tucson,AZ,1,2021-09-17 00:00:00,We have lived here for about six years. The unlicensed crew left the roof unsafe and water came through. They left trash all over my yard and were disrespectful. It was a two story house in the foothills.,0,0,0,2.5,30
sample_rev_00785,sample_biz_028,Movers Pros 028 (SAMPLE),"Home Services, Movers, Packing Services",Tucson,AZ,4,2017-03-17 00:00:00,"The technician was friendly, professional and explained everything clearly. Quick response, quality work and a very reasonable estimate. The appointment was scheduled for a Tuesday morning.",1,0,0,3.5,30
sample_rev_00743,sample_biz_026,HVAC Pros 026 (SAMPLE),"Home Services, Heating & Air Conditioning/HVAC",Tucson,AZ,4,2020-04-23 00:00:00,The estimate visit took about thirty minutes. After two missed appointments I gave up on them. We have lived here for about six years.,1,0,1,3.0,60
sample_rev_00547,sample_biz_019,Roofing Pros 019 (SAMPLE),"Home Services, Roofing, Contractors",Tucson,AZ,2,2020-10-24 00:00:00,It was a two story house in the foothills. The unlicensed crew left the roof unsafe and water came through. The appointment was scheduled for a Tuesday morning.,1,0,0,3.0,60
sample_rev_01137,sample_biz_038,Home Pros 038 (SAMPLE),"Home Services, Home Cleaning, Carpet Cleaning",Tucson,AZ,4,2021-04-27 00:00:00,"Fair price and no surprises on the final bill. The technician was friendly, professional and explained everything clearly. I will definitely use them again for the next project. The appointment was scheduled for a Tuesday morning.",2,0,1,4.0,36
sample_rev_00910,sample_biz_032,Plumbing Pros 032 (SAMPLE),"Home Services, Plumbing, Water Heater Installation/Repair",Tucson,AZ,4,2018-02-01 00:00:00,"The technician was friendly, professional and explained everything clearly. The appointment was scheduled for a Tuesday morning. We have lived here for about six years. Excellent communication, they called back within the hour.",1,0,0,4.0,60
sample_rev_00456,sample_biz_016,Plumbing Pros 016 (SAMPLE),"Home Services, Plumbing, Water Heater Installation/Repair",Tucson,AZ,4,2020-12-07 00:00:00,"The technician was friendly, professional and explained everything clearly. Quick response, quality work and a very reasonable estimate. We have lived here for about six years. I will definitely use them again for the next project. The estimate visit took about thirty minutes. He stayed on schedule and kept me updated by text.",1,0,0,4.0,48
sample_rev_00393,sample_biz_014,Home Pros 014 (SAMPLE),"Home Services, Home Cleaning, Carpet Cleaning",Tucson,AZ,5,2021-02-25 00:00:00,"Excellent communication, they called back within the hour. We have lived here for about six years. They honored the warranty without any hassle which I really appreciated.",1,0,0,4.5,30
sample_rev_01146,sample_biz_039,Landscaping Pros 039 (SAMPLE),"Home Services, Landscaping, Tree Services",Tucson,AZ,5,2017-03-07 00:00:00,"It was a two story house in the foothills. They gave a lifetime warranty on the parts. Quick response, quality work and a very reasonable estimate. Fair price and no surprises on the final bill. I will definitely use them again for the next project.",2,0,1,3.5,30
sample_rev_00921,sample_biz_032,Plumbing Pros 032 (SAMPLE),"Home Services, Plumbing, Water Heater Installation/Repair",Tucson,AZ,4,2019-07-14 00:00:00,"Quick response, quality work and a very reasonable estimate. They gave a lifetime warranty on the parts. Very safe and careful, everything was done to code and permitted. Great service from start to finish and I would recommend them to anyone.",2,1,2,4.0,60
sample_rev_00375,sample_biz_014,Home Pros 014 (SAMPLE),"Home Services, Home Cleaning, Carpet Cleaning",Tucson,AZ,5,2017-12-04 00:00:00,"The appointment was scheduled for a Tuesday morning. Great service from start to finish and I would recommend them to anyone. Excellent communication, they called back within the hour. They arrived on time and finished the job faster than expected. They were not late at all, which was a nice change.",0,1,1,4.5,30
sample_rev_00412,sample_biz_015,Landscaping Pros 015 (SAMPLE),"Home Services, Landscaping, Tree Services",Tucson,AZ,3,2020-02-18 00:00:00,"The estimate visit took about thirty minutes. They were a little late but the quality of the repair was good. Very safe and careful, everything was done to code and permitted.",1,0,0,4.0,24
sample_rev_00074,sample_biz_002,HVAC Pros 002 (SAMPLE),"Home Services, Heating & Air Conditioning/HVAC",Tucson,AZ,4,2017-04-11 00:00:00,The work looks fantastic and they cleaned up completely.,0,0,0,4.5,36
sample_rev_01097,sample_biz_037,General Pros 037 (SAMPLE),"Home Services, Contractors, Handyman",Tucson,AZ,1,2021-03-28 00:00:00,"Great service from start to finish and I would recommend them to anyone. Quick response, quality work and a very reasonable estimate. The appointment was scheduled for a Tuesday morning.",1,0,0,4.0,30
sample_rev_00823,sample_biz_030,Home Pros 030 (SAMPLE),"Home Services, Home Cleaning, Carpet Cleaning",Tucson,AZ,4,2017-09-28 00:00:00,It was a two story house in the foothills. They left trash all over my yard and were disrespectful. We have lived here for about six years.,3,1,0,2.5,30
sample_rev_00500,sample_biz_018,HVAC Pros 018 (SAMPLE),"Home Services, Heating & Air Conditioning/HVAC",Tucson,AZ,4,2019-08-27 00:00:00,"Excellent communication, they called back within the hour. Great service from start to finish and I would recommend them to anyone. The technician was friendly, professional and explained everything clearly.",1,0,1,2.5,24
sample_rev_00767,sample_biz_026,HVAC Pros 026 (SAMPLE),"Home Services, Heating & Air Conditioning/HVAC",Tucson,AZ,5,2021-12-18 00:00:00,"Excellent communication, they called back within the hour. It was a two story house in the foothills.",2,0,0,3.0,60
sample_rev_00616,sample_biz_022,Home Pros 022 (SAMPLE),"Home Services, Home Cleaning, Carpet Cleaning",Tucson,AZ,5,2017-10-25 00:00:00,"The work looks fantastic and they cleaned up completely. We have lived here for about six years. No hidden fees, the quote matched the invoice exactly. We called them after seeing the listing online.",2,0,1,3.5,30
sample_rev_00114,sample_biz_003,Roofing Pros 003 (SAMPLE),"Home Services, Roofing, Contractors",Tucson,AZ,5,2020-07-05 00:00:00,"The estimate visit took about thirty minutes. Very safe and careful, everything was done to code and permitted.",1,0,0,4.5,8
sample_rev_00417,sample_biz_015,Landscaping Pros 015 (SAMPLE),"Home Services, Landscaping, Tree Services",Tucson,AZ,5,2020-08-15 00:00:00,We have lived here for about six years. Fair price and no surprises on the final bill. We called them after seeing the listing online.,0,1,2,4.0,24
sample_rev_00601,sample_biz_021,General Pros 021 (SAMPLE),"Home Services, Contractors, Handyman",Tucson,AZ,1,2020-12-04 00:00:00,The work looks fantastic and they cleaned up completely. We called them after seeing the listing online. The estimate visit took about thirty minutes.,1,0,0,3.0,36
sample_rev_00604,sample_biz_021,General Pros 021 (SAMPLE),"Home Services, Contractors, Handyman",Tucson,AZ,4,2021-04-13 00:00:00,We have lived here for about six years. The appointment was scheduled for a Tuesday morning. They showed up three hours late and then left early.,0,2,0,3.0,36
sample_rev_00089,sample_biz_002,HVAC Pros 002 (SAMPLE),"Home Services, Heating & Air Conditioning/HVAC",Tucson,AZ,4,2019-11-11 00:00:00,They honored the warranty without any hassle which I really appreciated. It was a two story house in the foothills.,0,0,1,4.5,36
sample_rev_01164,sample_biz_039,Landscaping Pros 039 (SAMPLE),"Home Services, Landscaping, Tree Services",Tucson,AZ,3,2021-02-28 00:00:00,They were a little late but the quality of the repair was good. The appointment was scheduled for a Tuesday morning. He left the job unfinished and never came back.,0,0,0,3.5,30
sample_rev_00498,sample_biz_018,HVAC Pros 018 (SAMPLE),"Home Services, Heating & Air Conditioning/HVAC",Tucson,AZ,3,2019-03-17 00:00:00,The work looks fantastic and they cleaned up completely. It was a two story house in the foothills. They were a little late but the quality of the repair was good.,1,0,1,2.5,24
sample_rev_00998,sample_biz_035,Roofing Pros 035 (SAMPLE),"Home Services, Roofing, Contractors",Tucson,AZ,4,2018-07-20 00:00:00,"We called them after seeing the listing online. The technician was friendly, professional and explained everything clearly.",1,0,0,4.5,60
sample_rev_00843,sample_biz_030,Home Pros 030 (SAMPLE),"Home Services, Home Cleaning, Carpet Cleaning",Tucson,AZ,3,2021-02-08 00:00:00,The estimate visit took about thirty minutes. The work itself was decent but the communication could have been better. I smelled a gas leak after they left and it was dangerous.,1,0,1,2.5,30
sample_rev_00841,sample_biz_030,Home Pros 030 (SAMPLE),"Home Services, Home Cleaning, Carpet Cleaning",Tucson,AZ,5,2020-10-17 00:00:00,"Fair price and no surprises on the final bill. We have lived here for about six years. Quick response, quality work and a very reasonable estimate.",0,0,1,2.5,30
sample_rev_00011,sample_biz_000,Plumbing Pros 000 (SAMPLE),"Home Services, Plumbing, Water Heater Installation/Repair",Tucson,AZ,5,2019-09-16 00:00:00,"The work looks fantastic and they cleaned up completely. They were not late at all, which was a nice change. Very safe and careful, everything was done to code and permitted.",0,0,0,3.5,24
sample_rev_00396,sample_biz_014,Home Pros 014 (SAMPLE),"Home Services, Home Cleaning, Carpet Cleaning",Tucson,AZ,4,2021-11-12 00:00:00,"It was a two story house in the foothills. No hidden fees, the quote matched the invoice exactly. Excellent communication, they called back within the hour.",0,1,0,4.5,30
sample_rev_00724,sample_biz_026,HVAC Pros 026 (SAMPLE),"Home Services, Heating & Air Conditioning/HVAC",Tucson,AZ,2,2018-10-20 00:00:00,We called them after seeing the listing online. After two missed appointments I gave up on them.,1,1,0,3.0,60
sample_rev_00555,sample_biz_019,Roofing Pros 019 (SAMPLE),"Home Services, Roofing, Contractors",Tucson,AZ,2,2021-01-05 00:00:00,After two missed appointments I gave up on them. The appointment was scheduled for a Tuesday morning.,0,0,0,3.0,60
sample_rev_00042,sample_biz_001,Electricians Pros 001 (SAMPLE),"Home Services, Electricians, Lighting Fixtures & Equipment",Tucson,AZ,4,2020-02-08 00:00:00,"The work looks fantastic and they cleaned up completely. Great service from start to finish and I would recommend them to anyone. They gave a lifetime warranty on the parts. The estimate visit took about thirty minutes. We have lived here for about six years. The technician was friendly, professional and explained everything clearly.",2,0,0,3.5,48
sample_rev_00167,sample_biz_005,General Pros 005 (SAMPLE),"Home Services, Contractors, Handyman",Tucson,AZ,1,2021-02-05 00:00:00,The estimate visit took about thirty minutes. The work was sloppy and the pipe is still leaking again after they left. I waited all day and the technician arrived after dark.,3,0,1,2.5,48
sample_rev_00416,sample_biz_015,Landscaping Pros 015 (SAMPLE),"Home Services, Landscaping, Tree Services",Tucson,AZ,5,2020-08-03 00:00:00,"Very unprofessional, he was yelling at his helper in my driveway. The work was sloppy and the pipe is still leaking again after they left. It was a two story house in the foothills. Would not recommend. We called them after seeing the listing online.",1,0,0,4.0,24
sample_rev_00576,sample_biz_020,Movers Pros 020 (SAMPLE),"Home Services, Movers, Packing Services",Tucson,AZ,5,2021-07-08 00:00:00,We have lived here for about six years. They arrived on time and finished the job faster than expected.,0,0,0,3.0,8
sample_rev_00267,sample_biz_008,Plumbing Pros 008 (SAMPLE),"Home Services, Plumbing, Water Heater Installation/Repair",Tucson,AZ,1,2021-06-09 00:00:00,I waited all day and the technician arrived after dark. The estimate visit took about thirty minutes. It was a two story house in the foothills.,2,0,1,3.0,60
sample_rev_00774,sample_biz_027,Roofing Pros 027 (SAMPLE),"Home Services, Roofing, Contractors",Tucson,AZ,5,2018-03-27 00:00:00,"Excellent communication, they called back within the hour. They honored the warranty without any hassle which I really appreciated. They arrived on time and finished the job faster than expected.",0,0,0,3.5,14
sample_rev_00426,sample_biz_016,Plumbing Pros 016 (SAMPLE),"Home Services, Plumbing, Water Heater Installation/Repair",Tucson,AZ,5,2016-08-07 00:00:00,"The work looks fantastic and they cleaned up completely. The technician was friendly, professional and explained everything clearly. Very safe and careful, everything was done to code and permitted.",1,0,0,4.0,48
sample_rev_00544,sample_biz_019,Roofing Pros 019 (SAMPLE),"Home Services, Roofing, Contractors",Tucson,AZ,5,2020-05-20 00:00:00,"The technician was friendly, professional and explained everything clearly.",1,0,1,3.0,60
sample_rev_01098,sample_biz_037,General Pros 037 (SAMPLE),"Home Services, Contractors, Handyman",Tucson,AZ,2,2021-04-07 00:00:00,The appointment was scheduled for a Tuesday morning. The crew was a no show on the day of the appointment.,2,0,0,4.0,30
sample_rev_00674,sample_biz_024,Plumbing Pros 024 (SAMPLE),"Home Services, Plumbing, Water Heater Installation/Repair",Tucson,AZ,5,2020-07-05 00:00:00,"The technician was friendly, professional and explained everything clearly. Quick response, quality work and a very reasonable estimate.",1,0,2,2.5,36
sample_rev_00689,sample_biz_024,Plumbing Pros 024 (SAMPLE),"Home Services, Plumbing, Water Heater Installation/Repair",Tucson,AZ,5,2021-09-29 00:00:00,"Very safe and careful, everything was done to code and permitted. We have lived here for about six years. Great service from start to finish and I would recommend them to anyone. I will definitely use them again for the next project.",0,0,0,2.5,36
sample_rev_01032,sample_biz_035,Roofing Pros 035 (SAMPLE),"Home Services, Roofing, Contractors",Tucson,AZ,5,2021-07-20 00:00:00,"The estimate visit took about thirty minutes. Hidden fees everywhere, it felt like a complete rip off.",0,0,0,4.5,60
sample_rev_01150,sample_biz_039,Landscaping Pros 039 (SAMPLE),"Home Services, Landscaping, Tree Services",Tucson,AZ,4,2018-05-01 00:00:00,"The estimate visit took about thirty minutes. Fair price and no surprises on the final bill. Quick response, quality work and a very reasonable estimate.",0,0,0,3.5,30
sample_rev_00938,sample_biz_032,Plumbing Pros 032 (SAMPLE),"Home Services, Plumbing, Water Heater Installation/Repair",Tucson,AZ,4,2020-07-21 00:00:00,"We have lived here for about six years. Very safe and careful, everything was done to code and permitted.",2,0,0,4.0,60
sample_rev_00844,sample_biz_030,Home Pros 030 (SAMPLE),"Home Services, Home Cleaning, Carpet Cleaning",Tucson,AZ,1,2021-02-18 00:00:00,"Very unprofessional, he was yelling at his helper in my driveway. It was a two story house in the foothills. We have lived here for about six years.",0,0,0,2.5,30
sample_rev_00257,sample_biz_008,Plumbing Pros 008 (SAMPLE),"Home Services, Plumbing, Water Heater Installation/Repair",Tucson,AZ,1,2020-10-10 00:00:00,"Excellent communication, they called back within the hour. They arrived on time and finished the job faster than expected.",0,0,0,3.0,60
sample_rev_00335,sample_biz_011,Roofing Pros 011 (SAMPLE),"Home Services, Roofing, Contractors",Tucson,AZ,3,2018-06-11 00:00:00,"We have lived here for about six years. The crew was a no show on the day of the appointment. Good crew overall, although the price was a bit higher than I expected.",1,0,0,3.0,24
sample_rev_00015,sample_biz_000,Plumbing Pros 000 (SAMPLE),"Home Services, Plumbing, Water Heater Installation/Repair",Tucson,AZ,2,2020-04-02 00:00:00,We called them after seeing the listing online. The unlicensed crew left the roof unsafe and water came through. Would not recommend.,1,1,0,3.5,24
sample_rev_00862,sample_biz_031,Landscaping Pros 031 (SAMPLE),"Home Services, Landscaping, Tree Services",Tucson,AZ,5,2018-06-21 00:00:00,"We have lived here for about six years. The work looks fantastic and they cleaned up completely. I will definitely use them again for the next project. No hidden fees, the quote matched the invoice exactly. The estimate visit took about thirty minutes.",0,0,0,4.0,48
sample_rev_00324,sample_biz_010,HVAC Pros 010 (SAMPLE),"Home Services, Heating & Air Conditioning/HVAC",Tucson,AZ,4,2021-08-27 00:00:00,"We called them after seeing the listing online. I will definitely use them again for the next project. Quick response, quality work and a very reasonable estimate. No hidden fees, the quote matched the invoice exactly.",0,0,1,4.0,48
sample_rev_00607,sample_biz_021,General Pros 021 (SAMPLE),"Home Services, Contractors, Handyman",Tucson,AZ,3,2021-05-23 00:00:00,"The estimate visit took about thirty minutes. The office ignored my messages and nobody returned my calls. Good crew overall, although the price was a bit higher than I expected.",3,0,1,3.0,36
sample_rev_01031,sample_biz_035,Roofing Pros 035 (SAMPLE),"Home Services, Roofing, Contractors",Tucson,AZ,5,2021-07-18 00:00:00,"Excellent communication, they called back within the hour.",2,0,0,4.5,60
sample_rev_00807,sample_biz_028,Movers Pros 028 (SAMPLE),"Home Services, Movers, Packing Services",Tucson,AZ,5,2021-09-20 00:00:00,"The technician was friendly, professional and explained everything clearly.",1,0,0,3.5,30
sample_rev_00222,sample_biz_008,Plumbing Pros 008 (SAMPLE),"Home Services, Plumbing, Water Heater Installation/Repair",Tucson,AZ,5,2017-08-13 00:00:00,"I will definitely use them again for the next project. Very safe and careful, everything was done to code and permitted. We called them after seeing the listing online. The appointment was scheduled for a Tuesday morning.",1,1,1,3.0,60
sample_rev_00179,sample_biz_006,Home Pros 006 (SAMPLE),"Home Services, Home Cleaning, Carpet Cleaning",Tucson,AZ,1,2016-09-07 00:00:00,We called them after seeing the listing online. Would not recommend. No one would stand behind their work and they denied my claim. They never called back despite five voicemails.,1,0,2,2.5,24
sample_rev_00099,sample_biz_002,HVAC Pros 002 (SAMPLE),"Home Services, Heating & Air Conditioning/HVAC",Tucson,AZ,4,2021-04-15 00:00:00,The work looks fantastic and they cleaned up completely.,2,1,1,4.5,36
sample_rev_00521,sample_biz_019,Roofing Pros 019 (SAMPLE),"Home Services, Roofing, Contractors",Tucson,AZ,5,2018-03-16 00:00:00,"We have lived here for about six years. They were not late at all, which was a nice change. It was a two story house in the foothills. They arrived on time and finished the job faster than expected. The work looks fantastic and they cleaned up completely.",1,0,1,3.0,60
sample_rev_00022,sample_biz_000,Plumbing Pros 000 (SAMPLE),"Home Services, Plumbing, Water Heater Installation/Repair",Tucson,AZ,1,2021-10-14 00:00:00,Would not recommend. After two missed appointments I gave up on them. The estimate visit took about thirty minutes.,1,0,0,3.5,24
sample_rev_00356,sample_biz_012,Movers Pros 012 (SAMPLE),"Home Services, Movers, Packing Services",Tucson,AZ,5,2018-08-01 00:00:00,"They gave a lifetime warranty on the parts. They honored the warranty without any hassle which I really appreciated. We called them after seeing the listing online. Very safe and careful, everything was done to code and permitted. The work looks fantastic and they cleaned up completely.",0,0,0,3.0,8
sample_rev_00917,sample_biz_032,Plumbing Pros 032 (SAMPLE),"Home Services, Plumbing, Water Heater Installation/Repair",Tucson,AZ,5,2019-03-03 00:00:00,"Fair price and no surprises on the final bill. Excellent communication, they called back within the hour. Quick response, quality work and a very reasonable estimate.",1,0,0,4.0,60
sample_rev_01087,sample_biz_037,General Pros 037 (SAMPLE),"Home Services, Contractors, Handyman",Tucson,AZ,1,2019-02-15 00:00:00,I waited all day and the technician arrived after dark. The estimate visit took about thirty minutes.,1,0,1,4.0,30
sample_rev_00611,sample_biz_021,General Pros 021 (SAMPLE),"Home Services, Contractors, Handyman",Tucson,AZ,5,2021-10-18 00:00:00,The work looks fantastic and they cleaned up completely. They arrived on time and finished the job faster than expected. We have lived here for about six years. They honored the warranty without any hassle which I really appreciated.,0,0,0,3.0,36
sample_rev_00964,sample_biz_033,Electricians Pros 033 (SAMPLE),"Home Services, Electricians, Lighting Fixtures & Equipment",Tucson,AZ,1,2019-03-27 00:00:00,"Quick response, quality work and a very reasonable estimate. I will definitely use them again for the next project. The estimate visit took about thirty minutes.",0,0,0,3.5,14
sample_rev_00340,sample_biz_011,Roofing Pros 011 (SAMPLE),"Home Services, Roofing, Contractors",Tucson,AZ,5,2019-04-19 00:00:00,"Very safe and careful, everything was done to code and permitted. Quick response, quality work and a very reasonable estimate. I will definitely use them again for the next project.",2,0,0,3.0,24
sample_rev_00431,sample_biz_016,Plumbing Pros 016 (SAMPLE),"Home Services, Plumbing, Water Heater Installation/Repair",Tucson,AZ,5,2017-06-20 00:00:00,We have lived here for about six years. I will definitely use them again for the next project. The estimate visit took about thirty minutes. He stayed on schedule and kept me updated by text. Great service from start to finish and I would recommend them to anyone.,1,0,0,4.0,48
sample_rev_00991,sample_biz_035,Roofing Pros 035 (SAMPLE),"Home Services, Roofing, Contractors",Tucson,AZ,4,2017-03-08 00:00:00,"They gave a lifetime warranty on the parts. The technician was friendly, professional and explained everything clearly. The appointment was scheduled for a Tuesday morning. We have lived here for about six years.",0,0,1,4.5,60
sample_rev_00217,sample_biz_008,Plumbing Pros 008 (SAMPLE),"Home Services, Plumbing, Water Heater Installation/Repair",Tucson,AZ,1,2015-11-13 00:00:00,I waited all day and the technician arrived after dark. The appointment was scheduled for a Tuesday morning. The estimate visit took about thirty minutes.,2,1,0,3.0,60
sample_rev_00203,sample_biz_007,Landscaping Pros 007 (SAMPLE),"Home Services, Landscaping, Tree Services",Tucson,AZ,5,2016-06-05 00:00:00,"The estimate visit took about thirty minutes. Excellent communication, they called back within the hour.",2,0,0,4.5,14
sample_rev_00866,sample_biz_031,Landscaping Pros 031 (SAMPLE),"Home Services, Landscaping, Tree Services",Tucson,AZ,5,2019-04-02 00:00:00,"We have lived here for about six years. I will definitely use them again for the next project. Excellent communication, they called back within the hour.",0,0,0,4.0,48
sample_rev_00093,sample_biz_002,HVAC Pros 002 (SAMPLE),"Home Services, Heating & Air Conditioning/HVAC",Tucson,AZ,5,2020-05-23 00:00:00,Great service from start to finish and I would recommend them to anyone. We called them after seeing the listing online. They arrived on time and finished the job faster than expected. The work looks fantastic and they cleaned up completely. He stayed on schedule and kept me updated by text.,1,0,0,4.5,36
sample_rev_00765,sample_biz_026,HVAC Pros 026 (SAMPLE),"Home Services, Heating & Air Conditioning/HVAC",Tucson,AZ,2,2021-11-10 00:00:00,We have lived here for about six years. The crew was a no show on the day of the appointment. They never called back despite five voicemails.,4,1,0,3.0,60
sample_rev_00068,sample_biz_001,Electricians Pros 001 (SAMPLE),"Home Services, Electricians, Lighting Fixtures & Equipment",Tucson,AZ,1,2021-09-10 00:00:00,"Exposed wires and sparks from the panel, a real fire hazard. The appointment was scheduled for a Tuesday morning. We have lived here for about six years.",2,0,0,3.5,48
sample_rev_00855,sample_biz_031,Landscaping Pros 031 (SAMPLE),"Home Services, Landscaping, Tree Services",Tucson,AZ,4,2016-10-31 00:00:00,"He stayed on schedule and kept me updated by text. Fair price and no surprises on the final bill. Excellent communication, they called back within the hour. They arrived on time and finished the job faster than expected.",2,0,0,4.0,48
sample_rev_00284,sample_biz_010,HVAC Pros 010 (SAMPLE),"Home Services, Heating & Air Conditioning/HVAC",Tucson,AZ,5,2016-07-02 00:00:00,"The technician was friendly, professional and explained everything clearly. Quick response, quality work and a very reasonable estimate. I will definitely use them again for the next project. The appointment was scheduled for a Tuesday morning.",1,0,0,4.0,48
sample_rev_00696,sample_biz_025,Electricians Pros 025 (SAMPLE),"Home Services, Electricians, Lighting Fixtures & Equipment",Tucson,AZ,5,2018-06-23 00:00:00,"The appointment was scheduled for a Tuesday morning. Very safe and careful, everything was done to code and permitted. The estimate visit took about thirty minutes. They were not late at all, which was a nice change. Fair price and no surprises on the final bill.",1,0,1,3.5,14
sample_rev_00085,sample_biz_002,HVAC Pros 002 (SAMPLE),"Home Services, Heating & Air Conditioning/HVAC",Tucson,AZ,3,2018-12-17 00:00:00,"Good crew overall, although the price was a bit higher than I expected. The appointment was scheduled for a Tuesday morning. After two missed appointments I gave up on them.",0,0,0,4.5,36
sample_rev_00434,sample_biz_016,Plumbing Pros 016 (SAMPLE),"Home Services, Plumbing, Water Heater Installation/Repair",Tucson,AZ,5,2017-11-19 00:00:00,They arrived on time and finished the job faster than expected. We called them after seeing the listing online. I will definitely use them again for the next project.,1,1,0,4.0,48
sample_rev_00764,sample_biz_026,HVAC Pros 026 (SAMPLE),"Home Services, Heating & Air Conditioning/HVAC",Tucson,AZ,1,2021-09-04 00:00:00,They showed up three hours late and then left early. The crew was a no show on the day of the appointment. The estimate visit took about thirty minutes. We called them after seeing the listing online.,1,2,1,3.0,60
sample_rev_00153,sample_biz_005,General Pros 005 (SAMPLE),"Home Services, Contractors, Handyman",Tucson,AZ,2,2020-05-25 00:00:00,They showed up three hours late and then left early. The estimate visit took about thirty minutes. The repair did not fix the problem and they left a huge mess behind.,0,0,0,2.5,48
sample_rev_00075,sample_biz_002,HVAC Pros 002 (SAMPLE),"Home Services, Heating & Air Conditioning/HVAC",Tucson,AZ,5,2017-04-23 00:00:00,"Quick response, quality work and a very reasonable estimate. They arrived on time and finished the job faster than expected. I will definitely use them again for the next project.",0,0,0,4.5,36
sample_rev_01008,sample_biz_035,Roofing Pros 035 (SAMPLE),"Home Services, Roofing, Contractors",Tucson,AZ,5,2019-08-07 00:00:00,"Very safe and careful, everything was done to code and permitted. The estimate visit took about thirty minutes. They honored the warranty without any hassle which I really appreciated.",1,0,0,4.5,60
sample_rev_00580,sample_biz_021,General Pros 021 (SAMPLE),"Home Services, Contractors, Handyman",Tucson,AZ,3,2015-09-07 00:00:00,"They never showed up and did not even call to cancel. We called them after seeing the listing online. Good crew overall, although the price was a bit higher than I expected.",2,0,0,3.0,36
sample_rev_00446,sample_biz_016,Plumbing Pros 016 (SAMPLE),"Home Services, Plumbing, Water Heater Installation/Repair",Tucson,AZ,4,2020-01-01 00:00:00,"Very safe and careful, everything was done to code and permitted. The estimate visit took about thirty minutes. It was a two story house in the foothills. Excellent communication, they called back within the hour.",1,0,0,4.0,48
sample_rev_00703,sample_biz_025,Electricians Pros 025 (SAMPLE),"Home Services, Electricians, Lighting Fixtures & Equipment",Tucson,AZ,1,2020-01-08 00:00:00,They never called back despite five voicemails. It was a two story house in the foothills.,2,0,0,3.5,14
sample_rev_00188,sample_biz_006,Home Pros 006 (SAMPLE),"Home Services, Home Cleaning, Carpet Cleaning",Tucson,AZ,1,2019-04-12 00:00:00,The appointment was scheduled for a Tuesday morning. Completely unresponsive once they had my deposit. It was a two story house in the foothills.,1,0,0,2.5,24
sample_rev_00271,sample_biz_008,Plumbing Pros 008 (SAMPLE),"Home Services, Plumbing, Water Heater Installation/Repair",Tucson,AZ,1,2021-08-24 00:00:00,They showed up three hours late and then left early. We called them after seeing the listing online.,0,1,0,3.0,60
sample_rev_00236,sample_biz_008,Plumbing Pros 008 (SAMPLE),"Home Services, Plumbing, Water Heater Installation/Repair",Tucson,AZ,5,2019-02-03 00:00:00,"It was a two story house in the foothills. Very safe and careful, everything was done to code and permitted.",0,0,0,3.0,60
sample_rev_00487,sample_biz_017,Electricians Pros 017 (SAMPLE),"Home Services, Electricians, Lighting Fixtures & Equipment",Tucson,AZ,5,2022-01-17 00:00:00,"They honored the warranty without any hassle which I really appreciated. The work looks fantastic and they cleaned up completely. We called them after seeing the listing online. I will definitely use them again for the next project. No hidden fees, the quote matched the invoice exactly.",0,0,1,4.5,14
sample_rev_01134,sample_biz_038,Home Pros 038 (SAMPLE),"Home Services, Home Cleaning, Carpet Cleaning",Tucson,AZ,5,2021-03-14 00:00:00,The appointment was scheduled for a Tuesday morning. The work looks fantastic and they cleaned up completely. We have lived here for about six years. Fair price and no surprises on the final bill. I will definitely use them again for the next project.,1,0,0,4.0,36
sample_rev_00559,sample_biz_019,Roofing Pros 019 (SAMPLE),"Home Services, Roofing, Contractors",Tucson,AZ,3,2021-04-02 00:00:00,"Constant delays, they rescheduled four times. We called them after seeing the listing online. Good crew overall, although the price was a bit higher than I expected.",1,0,1,3.0,60
sample_rev_00117,sample_biz_004,Movers Pros 004 (SAMPLE),"Home Services, Movers, Packing Services",Tucson,AZ,1,2016-09-23 00:00:00,The technician was rude and dismissive when I asked questions. We called them after seeing the listing online.,1,1,0,2.5,14
sample_rev_01108,sample_biz_038,Home Pros 038 (SAMPLE),"Home Services, Home Cleaning, Carpet Cleaning",Tucson,AZ,2,2016-02-28 00:00:00,We have lived here for about six years. The project took forever and was weeks behind schedule.,2,1,1,4.0,36
sample_rev_01052,sample_biz_036,Movers Pros 036 (SAMPLE),"Home Services, Movers, Packing Services",Tucson,AZ,5,2018-01-03 00:00:00,They honored the warranty without any hassle which I really appreciated. I will definitely use them again for the next project. The appointment was scheduled for a Tuesday morning. The estimate visit took about thirty minutes.,0,1,0,4.0,36
sample_rev_00512,sample_biz_019,Roofing Pros 019 (SAMPLE),"Home Services, Roofing, Contractors",Tucson,AZ,5,2015-12-29 00:00:00,We called them after seeing the listing online. The work looks fantastic and they cleaned up completely. The estimate visit took about thirty minutes.,2,0,0,3.0,60
sample_rev_00633,sample_biz_022,Home Pros 022 (SAMPLE),"Home Services, Home Cleaning, Carpet Cleaning",Tucson,AZ,5,2020-08-24 00:00:00,"The estimate visit took about thirty minutes. Quick response, quality work and a very reasonable estimate.",1,1,0,3.5,30
sample_rev_00754,sample_biz_026,HVAC Pros 026 (SAMPLE),"Home Services, Heating & Air Conditioning/HVAC",Tucson,AZ,2,2021-01-03 00:00:00,The estimate visit took about thirty minutes. They never showed up and did not even call to cancel. We called them after seeing the listing online. Would not recommend.,3,1,0,3.0,60
sample_rev_00961,sample_biz_033,Electricians Pros 033 (SAMPLE),"Home Services, Electricians, Lighting Fixtures & Equipment",Tucson,AZ,3,2018-04-24 00:00:00,We called them after seeing the listing online. They botched the install and the finish is crooked and cracked. They were a little late but the quality of the repair was good.,1,0,1,3.5,14
sample_rev_00814,sample_biz_029,General Pros 029 (SAMPLE),"Home Services, Contractors, Handyman",Tucson,AZ,1,2018-11-06 00:00:00,The appointment was scheduled for a Tuesday morning. They left trash all over my yard and were disrespectful. They botched the install and the finish is crooked and cracked.,2,0,1,2.5,8
sample_rev_00126,sample_biz_004,Movers Pros 004 (SAMPLE),"Home Services, Movers, Packing Services",Tucson,AZ,1,2021-03-15 00:00:00,Would not recommend. The estimate visit took about thirty minutes. The technician was rude and dismissive when I asked questions.,1,0,2,2.5,14
sample_rev_00116,sample_biz_004,Movers Pros 004 (SAMPLE),"Home Services, Movers, Packing Services",Tucson,AZ,5,2016-03-13 00:00:00,"It was a two story house in the foothills. Very safe and careful, everything was done to code and permitted. The estimate visit took about thirty minutes.",1,0,1,2.5,14
sample_rev_00473,sample_biz_016,Plumbing Pros 016 (SAMPLE),"Home Services, Plumbing, Water Heater Installation/Repair",Tucson,AZ,5,2021-11-22 00:00:00,Fair price and no surprises on the final bill.,0,0,0,4.0,48
sample_rev_00740,sample_biz_026,HVAC Pros 026 (SAMPLE),"Home Services, Heating & Air Conditioning/HVAC",Tucson,AZ,5,2020-02-09 00:00:00,"Very safe and careful, everything was done to code and permitted.",0,0,0,3.0,60
sample_rev_00949,sample_biz_032,Plumbing Pros 032 (SAMPLE),"Home Services, Plumbing, Water Heater Installation/Repair",Tucson,AZ,2,2021-04-24 00:00:00,"The quote doubled once they started, classic bait and switch. We called them after seeing the listing online. The project took forever and was weeks behind schedule.",1,0,1,4.0,60
sample_rev_00057,sample_biz_001,Electricians Pros 001 (SAMPLE),"Home Services, Electricians, Lighting Fixtures & Equipment",Tucson,AZ,1,2021-03-01 00:00:00,It was a two story house in the foothills. The project took forever and was weeks behind schedule. We called them after seeing the listing online.,2,0,1,3.5,48
sample_rev_00603,sample_biz_021,General Pros 021 (SAMPLE),"Home Services, Contractors, Handyman",Tucson,AZ,5,2021-03-31 00:00:00,"I will definitely use them again for the next project. It was a two story house in the foothills. We have lived here for about six years. They were not late at all, which was a nice change. They honored the warranty without any hassle which I really appreciated.",4,0,1,3.0,36
sample_rev_00927,sample_biz_032,Plumbing Pros 032 (SAMPLE),"Home Services, Plumbing, Water Heater Installation/Repair",Tucson,AZ,5,2019-12-08 00:00:00,"They gave a lifetime warranty on the parts. Very safe and careful, everything was done to code and permitted. We have lived here for about six years.",0,0,0,4.0,60
sample_rev_00656,sample_biz_023,Landscaping Pros 023 (SAMPLE),"Home Services, Landscaping, Tree Services",Tucson,AZ,1,2021-02-15 00:00:00,Price gouging after they said it was an emergency. It was a two story house in the foothills. We have lived here for about six years.,0,0,0,2.5,14
sample_rev_00971,sample_biz_033,Electricians Pros 033 (SAMPLE),"Home Services, Electricians, Lighting Fixtures & Equipment",Tucson,AZ,5,2021-01-19 00:00:00,"The work looks fantastic and they cleaned up completely. Very safe and careful, everything was done to code and permitted.",2,0,1,3.5,14
sample_rev_00881,sample_biz_031,Landscaping Pros 031 (SAMPLE),"Home Services, Landscaping, Tree Services",Tucson,AZ,2,2020-11-02 00:00:00,We called them after seeing the listing online. The estimate visit took about thirty minutes. No one would stand behind their work and they denied my claim.,2,0,1,4.0,48
sample_rev_00105,sample_biz_002,HVAC Pros 002 (SAMPLE),"Home Services, Heating & Air Conditioning/HVAC",Tucson,AZ,5,2021-10-04 00:00:00,"The technician was friendly, professional and explained everything clearly. I will definitely use them again for the next project. They were not late at all, which was a nice change.",2,0,1,4.5,36
sample_rev_00635,sample_biz_022,Home Pros 022 (SAMPLE),"Home Services, Home Cleaning, Carpet Cleaning",Tucson,AZ,1,2021-01-16 00:00:00,"Exposed wires and sparks from the panel, a real fire hazard. Would not recommend. We have lived here for about six years.",0,0,1,3.5,30
sample_rev_00369,sample_biz_013,General Pros 013 (SAMPLE),"Home Services, Contractors, Handyman",Tucson,AZ,5,2020-11-08 00:00:00,"He stayed on schedule and kept me updated by text. Fair price and no surprises on the final bill. It was a two story house in the foothills. The technician was friendly, professional and explained everything clearly. We called them after seeing the listing online. Very safe and careful, everything was done to code and permitted.",1,0,0,4.0,8
sample_rev_00268,sample_biz_008,Plumbing Pros 008 (SAMPLE),"Home Services, Plumbing, Water Heater Installation/Repair",Tucson,AZ,3,2021-07-04 00:00:00,"The estimate visit took about thirty minutes. They were a little late but the quality of the repair was good. Very unprofessional, he was yelling at his helper in my driveway.",0,0,1,3.0,60
sample_rev_00655,sample_biz_023,Landscaping Pros 023 (SAMPLE),"Home Services, Landscaping, Tree Services",Tucson,AZ,4,2021-02-04 00:00:00,"They arrived on time and finished the job faster than expected. Great service from start to finish and I would recommend them to anyone. We have lived here for about six years. Excellent communication, they called back within the hour.",0,0,0,2.5,14
sample_rev_00046,sample_biz_001,Electricians Pros 001 (SAMPLE),"Home Services, Electricians, Lighting Fixtures & Equipment",Tucson,AZ,5,2020-05-18 00:00:00,"I will definitely use them again for the next project. He stayed on schedule and kept me updated by text. We called them after seeing the listing online. Excellent communication, they called back within the hour. It was a two story house in the foothills.",0,0,0,3.5,48
sample_rev_00349,sample_biz_011,Roofing Pros 011 (SAMPLE),"Home Services, Roofing, Contractors",Tucson,AZ,5,2021-05-05 00:00:00,Fair price and no surprises on the final bill. They arrived on time and finished the job faster than expected.,1,0,1,3.0,24
sample_rev_00195,sample_biz_006,Home Pros 006 (SAMPLE),"Home Services, Home Cleaning, Carpet Cleaning",Tucson,AZ,5,2020-09-12 00:00:00,He stayed on schedule and kept me updated by text. The work looks fantastic and they cleaned up completely. The appointment was scheduled for a Tuesday morning. They honored the warranty without any hassle which I really appreciated. We called them after seeing the listing online.,1,0,1,2.5,24
sample_rev_00102,sample_biz_002,HVAC Pros 002 (SAMPLE),"Home Services, Heating & Air Conditioning/HVAC",Tucson,AZ,5,2021-09-19 00:00:00,"Quick response, quality work and a very reasonable estimate. I will definitely use them again for the next project.",0,0,0,4.5,36
sample_rev_00004,sample_biz_000,Plumbing Pros 000 (SAMPLE),"Home Services, Plumbing, Water Heater Installation/Repair",Tucson,AZ,5,2018-03-29 00:00:00,"The technician was friendly, professional and explained everything clearly.",1,0,0,3.5,24
sample_rev_00619,sample_biz_022,Home Pros 022 (SAMPLE),"Home Services, Home Cleaning, Carpet Cleaning",Tucson,AZ,4,2018-04-07 00:00:00,"The quote doubled once they started, classic bait and switch. The appointment was scheduled for a Tuesday morning.",0,0,0,3.5,30
sample_rev_00947,sample_biz_032,Plumbing Pros 032 (SAMPLE),"Home Services, Plumbing, Water Heater Installation/Repair",Tucson,AZ,4,2021-03-09 00:00:00,We called them after seeing the listing online. They honored the warranty without any hassle which I really appreciated. They arrived on time and finished the job faster than expected.,1,0,0,4.0,60
sample_rev_01014,sample_biz_035,Roofing Pros 035 (SAMPLE),"Home Services, Roofing, Contractors",Tucson,AZ,4,2020-05-23 00:00:00,"They arrived on time and finished the job faster than expected. The appointment was scheduled for a Tuesday morning. I will definitely use them again for the next project. Very safe and careful, everything was done to code and permitted.",1,0,0,4.5,60
sample_rev_00263,sample_biz_008,Plumbing Pros 008 (SAMPLE),"Home Services, Plumbing, Water Heater Installation/Repair",Tucson,AZ,1,2021-05-19 00:00:00,The appointment was scheduled for a Tuesday morning. The estimate visit took about thirty minutes. They showed up three hours late and then left early.,1,0,1,3.0,60
sample_rev_01068,sample_biz_036,Movers Pros 036 (SAMPLE),"Home Services, Movers, Packing Services",Tucson,AZ,4,2020-10-01 00:00:00,"Very safe and careful, everything was done to code and permitted.",1,0,1,4.0,36
sample_rev_00443,sample_biz_016,Plumbing Pros 016 (SAMPLE),"Home Services, Plumbing, Water Heater Installation/Repair",Tucson,AZ,5,2019-06-23 00:00:00,"They arrived on time and finished the job faster than expected. Quick response, quality work and a very reasonable estimate.",1,0,0,4.0,48
sample_rev_00967,sample_biz_033,Electricians Pros 033 (SAMPLE),"Home Services, Electricians, Lighting Fixtures & Equipment",Tucson,AZ,5,2019-12-04 00:00:00,I will definitely use them again for the next project. It was a two story house in the foothills.,0,0,0,3.5,14
sample_rev_00808,sample_biz_028,Movers Pros 028 (SAMPLE),"Home Services, Movers, Packing Services",Tucson,AZ,1,2021-09-24 00:00:00,We have lived here for about six years. They never showed up and did not even call to cancel. The estimate visit took about thirty minutes. They never called back despite five voicemails.,2,0,0,3.5,30
sample_rev_00691,sample_biz_024,Plumbing Pros 024 (SAMPLE),"Home Services, Plumbing, Water Heater Installation/Repair",Tucson,AZ,1,2021-10-04 00:00:00,I waited all day and the technician arrived after dark. We have lived here for about six years. They left trash all over my yard and were disrespectful. No one would stand behind their work and they denied my claim.,0,0,1,2.5,36
sample_rev_00304,sample_biz_010,HVAC Pros 010 (SAMPLE),"Home Services, Heating & Air Conditioning/HVAC",Tucson,AZ,5,2020-02-28 00:00:00,They arrived on time and finished the job faster than expected. The appointment was scheduled for a Tuesday morning. We have lived here for about six years.,2,0,0,4.0,48
sample_rev_00341,sample_biz_011,Roofing Pros 011 (SAMPLE),"Home Services, Roofing, Contractors",Tucson,AZ,1,2020-05-01 00:00:00,After two missed appointments I gave up on them. They never called back despite five voicemails. The appointment was scheduled for a Tuesday morning.,1,1,0,3.0,24
sample_rev_00827,sample_biz_030,Home Pros 030 (SAMPLE),"Home Services, Home Cleaning, Carpet Cleaning",Tucson,AZ,2,2018-10-19 00:00:00,"Very unprofessional, he was yelling at his helper in my driveway. Would not recommend. The estimate visit took about thirty minutes.",2,0,0,2.5,30
sample_rev_00313,sample_biz_010,HVAC Pros 010 (SAMPLE),"Home Services, Heating & Air Conditioning/HVAC",Tucson,AZ,2,2021-02-15 00:00:00,"They showed up three hours late and then left early. Shoddy workmanship, I had to hire someone else to redo the whole job. The estimate visit took about thirty minutes.",2,1,0,4.0,48
sample_rev_00149,sample_biz_005,General Pros 005 (SAMPLE),"Home Services, Contractors, Handyman",Tucson,AZ,2,2020-01-09 00:00:00,"The appointment was scheduled for a Tuesday morning. The repair did not fix the problem and they left a huge mess behind. Constant delays, they rescheduled four times. It was a two story house in the foothills. No one would stand behind their work and they denied my claim.",1,0,0,2.5,48
sample_rev_00124,sample_biz_004,Movers Pros 004 (SAMPLE),"Home Services, Movers, Packing Services",Tucson,AZ,1,2020-12-09 00:00:00,Completely unresponsive once they had my deposit. It was a two story house in the foothills. We have lived here for about six years.,0,0,0,2.5,14
sample_rev_01040,sample_biz_035,Roofing Pros 035 (SAMPLE),"Home Services, Roofing, Contractors",Tucson,AZ,5,2021-11-29 00:00:00,We have lived here for about six years. I will definitely use them again for the next project. Great service from start to finish and I would recommend them to anyone. They honored the warranty without any hassle which I really appreciated.,2,0,0,4.5,60
sample_rev_00574,sample_biz_020,Movers Pros 020 (SAMPLE),"Home Services, Movers, Packing Services",Tucson,AZ,5,2019-09-07 00:00:00,"Quick response, quality work and a very reasonable estimate.",3,0,0,3.0,8
sample_rev_00697,sample_biz_025,Electricians Pros 025 (SAMPLE),"Home Services, Electricians, Lighting Fixtures & Equipment",Tucson,AZ,5,2018-07-31 00:00:00,They arrived on time and finished the job faster than expected. I will definitely use them again for the next project. They gave a lifetime warranty on the parts. Fair price and no surprises on the final bill.,3,0,0,3.5,14
sample_rev_00664,sample_biz_024,Plumbing Pros 024 (SAMPLE),"Home Services, Plumbing, Water Heater Installation/Repair",Tucson,AZ,1,2018-03-17 00:00:00,"Very unprofessional, he was yelling at his helper in my driveway. We have lived here for about six years. They showed up three hours late and then left early. Would not recommend. We called them after seeing the listing online.",0,1,1,2.5,36
sample_rev_00050,sample_biz_001,Electricians Pros 001 (SAMPLE),"Home Services, Electricians, Lighting Fixtures & Equipment",Tucson,AZ,5,2020-07-24 00:00:00,"Quick response, quality work and a very reasonable estimate. They arrived on time and finished the job faster than expected. Excellent communication, they called back within the hour.",0,1,0,3.5,48
sample_rev_00726,sample_biz_026,HVAC Pros 026 (SAMPLE),"Home Services, Heating & Air Conditioning/HVAC",Tucson,AZ,5,2018-12-17 00:00:00,"They were not late at all, which was a nice change. Fair price and no surprises on the final bill. It was a two story house in the foothills.",1,0,0,3.0,60
sample_rev_00353,sample_biz_011,Roofing Pros 011 (SAMPLE),"Home Services, Roofing, Contractors",Tucson,AZ,1,2021-08-21 00:00:00,"We called them after seeing the listing online. We have lived here for about six years. Quick response, quality work and a very reasonable estimate.",3,1,0,3.0,24
sample_rev_01127,sample_biz_038,Home Pros 038 (SAMPLE),"Home Services, Home Cleaning, Carpet Cleaning",Tucson,AZ,5,2020-06-05 00:00:00,"Very safe and careful, everything was done to code and permitted. The work looks fantastic and they cleaned up completely.",0,0,0,4.0,36
sample_rev_00142,sample_biz_005,General Pros 005 (SAMPLE),"Home Services, Contractors, Handyman",Tucson,AZ,3,2018-11-29 00:00:00,"It was a two story house in the foothills. Quick response, quality work and a very reasonable estimate. They were a little late but the quality of the repair was good.",2,1,0,2.5,48
sample_rev_00470,sample_biz_016,Plumbing Pros 016 (SAMPLE),"Home Services, Plumbing, Water Heater Installation/Repair",Tucson,AZ,1,2021-09-27 00:00:00,The technician was rude and dismissive when I asked questions. The appointment was scheduled for a Tuesday morning.,1,0,0,4.0,48
sample_rev_00653,sample_biz_023,Landscaping Pros 023 (SAMPLE),"Home Services, Landscaping, Tree Services",Tucson,AZ,5,2020-07-15 00:00:00,Fair price and no surprises on the final bill. We have lived here for about six years. They arrived on time and finished the job faster than expected. He stayed on schedule and kept me updated by text. It was a two story house in the foothills.,0,0,0,2.5,14
sample_rev_00399,sample_biz_014,Home Pros 014 (SAMPLE),"Home Services, Home Cleaning, Carpet Cleaning",Tucson,AZ,5,2021-12-28 00:00:00,"Quick response, quality work and a very reasonable estimate.",2,0,1,4.5,30
sample_rev_00858,sample_biz_031,Landscaping Pros 031 (SAMPLE),"Home Services, Landscaping, Tree Services",Tucson,AZ,3,2017-09-22 00:00:00,"They were a little late but the quality of the repair was good. Exposed wires and sparks from the panel, a real fire hazard. The estimate visit took about thirty minutes.",1,1,0,4.0,48
sample_rev_00875,sample_biz_031,Landscaping Pros 031 (SAMPLE),"Home Services, Landscaping, Tree Services",Tucson,AZ,5,2020-04-13 00:00:00,"We have lived here for about six years. They were not late at all, which was a nice change. It was a two story house in the foothills. They honored the warranty without any hassle which I really appreciated. The work looks fantastic and they cleaned up completely.",3,0,2,4.0,48
sample_rev_00320,sample_biz_010,HVAC Pros 010 (SAMPLE),"Home Services, Heating & Air Conditioning/HVAC",Tucson,AZ,5,2021-08-02 00:00:00,They honored the warranty without any hassle which I really appreciated. I will definitely use them again for the next project. Fair price and no surprises on the final bill.,2,0,0,4.0,48
sample_rev_00019,sample_biz_000,Plumbing Pros 000 (SAMPLE),"Home Services, Plumbing, Water Heater Installation/Repair",Tucson,AZ,5,2020-07-17 00:00:00,"The estimate visit took about thirty minutes. Very safe and careful, everything was done to code and permitted.",3,1,0,3.5,24
sample_rev_00684,sample_biz_024,Plumbing Pros 024 (SAMPLE),"Home Services, Plumbing, Water Heater Installation/Repair",Tucson,AZ,2,2021-05-27 00:00:00,The company will not cover the repair even though it is under warranty. The technician was rude and dismissive when I asked questions. I waited all day and the technician arrived after dark. We called them after seeing the listing online. The estimate visit took about thirty minutes.,1,0,0,2.5,36
sample_rev_00035,sample_biz_001,Electricians Pros 001 (SAMPLE),"Home Services, Electricians, Lighting Fixtures & Equipment",Tucson,AZ,3,2019-07-15 00:00:00,"The appointment was scheduled for a Tuesday morning. Good crew overall, although the price was a bit higher than I expected. Quick response, quality work and a very reasonable estimate.",3,0,0,3.5,48
sample_rev_00505,sample_biz_018,HVAC Pros 018 (SAMPLE),"Home Services, Heating & Air Conditioning/HVAC",Tucson,AZ,2,2020-10-11 00:00:00,Zero communication and no response to my emails. We called them after seeing the listing online. After two missed appointments I gave up on them.,2,0,0,2.5,24
sample_rev_01047,sample_biz_036,Movers Pros 036 (SAMPLE),"Home Services, Movers, Packing Services",Tucson,AZ,5,2017-09-05 00:00:00,"I will definitely use them again for the next project. They honored the warranty without any hassle which I really appreciated. The estimate visit took about thirty minutes. The technician was friendly, professional and explained everything clearly.",0,0,0,4.0,36
sample_rev_00407,sample_biz_015,Landscaping Pros 015 (SAMPLE),"Home Services, Landscaping, Tree Services",Tucson,AZ,5,2019-06-20 00:00:00,"Quick response, quality work and a very reasonable estimate. We have lived here for about six years. It was a two story house in the foothills.",0,0,0,4.0,24
sample_rev_00537,sample_biz_019,Roofing Pros 019 (SAMPLE),"Home Services, Roofing, Contractors",Tucson,AZ,1,2019-12-10 00:00:00,They left trash all over my yard and were disrespectful. We called them after seeing the listing online. Would not recommend.,2,1,1,3.0,60
sample_rev_00758,sample_biz_026,HVAC Pros 026 (SAMPLE),"Home Services, Heating & Air Conditioning/HVAC",Tucson,AZ,4,2021-04-05 00:00:00,"We called them after seeing the listing online. They arrived on time and finished the job faster than expected. Quick response, quality work and a very reasonable estimate. Very safe and careful, everything was done to code and permitted.",1,0,0,3.0,60
sample_rev_01045,sample_biz_036,Movers Pros 036 (SAMPLE),"Home Services, Movers, Packing Services",Tucson,AZ,5,2017-04-27 00:00:00,They arrived on time and finished the job faster than expected.,0,0,0,4.0,36
sample_rev_00853,sample_biz_031,Landscaping Pros 031 (SAMPLE),"Home Services, Landscaping, Tree Services",Tucson,AZ,5,2016-03-26 00:00:00,We have lived here for about six years. The appointment was scheduled for a Tuesday morning. They refused to honor the warranty when it broke a week later.,0,0,2,4.0,48
sample_rev_00038,sample_biz_001,Electricians Pros 001 (SAMPLE),"Home Services, Electricians, Lighting Fixtures & Equipment",Tucson,AZ,4,2019-12-04 00:00:00,"We called them after seeing the listing online. The technician was friendly, professional and explained everything clearly. Excellent communication, they called back within the hour.",1,0,1,3.5,48
sample_rev_00175,sample_biz_005,General Pros 005 (SAMPLE),"Home Services, Contractors, Handyman",Tucson,AZ,2,2021-10-11 00:00:00,They showed up three hours late and then left early. We have lived here for about six years. The work was sloppy and the pipe is still leaking again after they left. Would not recommend.,2,0,0,2.5,48
sample_rev_00245,sample_biz_008,Plumbing Pros 008 (SAMPLE),"Home Services, Plumbing, Water Heater Installation/Repair",Tucson,AZ,3,2020-01-16 00:00:00,The technician was rude and dismissive when I asked questions. They were a little late but the quality of the repair was good. We called them after seeing the listing online.,3,1,0,3.0,60
sample_rev_00810,sample_biz_028,Movers Pros 028 (SAMPLE),"Home Services, Movers, Packing Services",Tucson,AZ,5,2021-10-12 00:00:00,"Excellent communication, they called back within the hour. Great service from start to finish and I would recommend them to anyone. The estimate visit took about thirty minutes. It was a two story house in the foothills. They arrived on time and finished the job faster than expected. They were not late at all, which was a nice change.",1,0,0,3.5,30
sample_rev_01060,sample_biz_036,Movers Pros 036 (SAMPLE),"Home Services, Movers, Packing Services",Tucson,AZ,2,2019-11-04 00:00:00,We have lived here for about six years. Would not recommend. The appointment was scheduled for a Tuesday morning. After two missed appointments I gave up on them.,0,0,1,4.0,36
sample_rev_00925,sample_biz_032,Plumbing Pros 032 (SAMPLE),"Home Services, Plumbing, Water Heater Installation/Repair",Tucson,AZ,4,2019-09-20 00:00:00,The estimate visit took about thirty minutes. We have lived here for about six years. Fair price and no surprises on the final bill. They arrived on time and finished the job faster than expected.,0,0,0,4.0,60
sample_rev_00784,sample_biz_028,Movers Pros 028 (SAMPLE),"Home Services, Movers, Packing Services",Tucson,AZ,5,2016-08-31 00:00:00,"Fair price and no surprises on the final bill. We called them after seeing the listing online. They arrived on time and finished the job faster than expected. No hidden fees, the quote matched the invoice exactly.",1,1,1,3.5,30
sample_rev_01158,sample_biz_039,Landscaping Pros 039 (SAMPLE),"Home Services, Landscaping, Tree Services",Tucson,AZ,4,2020-07-20 00:00:00,I will definitely use them again for the next project.,0,0,0,3.5,30
sample_rev_00489,sample_biz_018,HVAC Pros 018 (SAMPLE),"Home Services, Heating & Air Conditioning/HVAC",Tucson,AZ,4,2016-11-10 00:00:00,"We called them after seeing the listing online. Quick response, quality work and a very reasonable estimate.",0,1,0,2.5,24
sample_rev_00154,sample_biz_005,General Pros 005 (SAMPLE),"Home Services, Contractors, Handyman",Tucson,AZ,5,2020-06-15 00:00:00,"Quick response, quality work and a very reasonable estimate. Excellent communication, they called back within the hour.",0,0,0,2.5,48
sample_rev_00638,sample_biz_022,Home Pros 022 (SAMPLE),"Home Services, Home Cleaning, Carpet Cleaning",Tucson,AZ,4,2021-03-24 00:00:00,"Excellent communication, they called back within the hour. The technician was friendly, professional and explained everything clearly. No hidden fees, the quote matched the invoice exactly. They honored the warranty without any hassle which I really appreciated.",0,0,0,3.5,30
sample_rev_00662,sample_biz_024,Plumbing Pros 024 (SAMPLE),"Home Services, Plumbing, Water Heater Installation/Repair",Tucson,AZ,4,2017-05-06 00:00:00,"The technician was friendly, professional and explained everything clearly.",2,0,0,2.5,36
sample_rev_00287,sample_biz_010,HVAC Pros 010 (SAMPLE),"Home Services, Heating & Air Conditioning/HVAC",Tucson,AZ,1,2017-04-22 00:00:00,They showed up three hours late and then left early. It was a two story house in the foothills.,0,0,0,4.0,48
sample_rev_00625,sample_biz_022,Home Pros 022 (SAMPLE),"Home Services, Home Cleaning, Carpet Cleaning",Tucson,AZ,2,2019-10-14 00:00:00,We have lived here for about six years. They never called back despite five voicemails.,1,0,0,3.5,30
sample_rev_01102,sample_biz_037,General Pros 037 (SAMPLE),"Home Services, Contractors, Handyman",Tucson,AZ,5,2021-06-26 00:00:00,"We called them after seeing the listing online. The estimate visit took about thirty minutes. Shoddy workmanship, I had to hire someone else to redo the whole job.",3,0,1,4.0,30
sample_rev_00685,sample_biz_024,Plumbing Pros 024 (SAMPLE),"Home Services, Plumbing, Water Heater Installation/Repair",Tucson,AZ,1,2021-06-20 00:00:00,"I waited all day and the technician arrived after dark. They refused to honor the warranty when it broke a week later. Very unprofessional, he was yelling at his helper in my driveway. It was a two story house in the foothills.",1,0,0,2.5,36
sample_rev_00833,sample_biz_030,Home Pros 030 (SAMPLE),"Home Services, Home Cleaning, Carpet Cleaning",Tucson,AZ,5,2019-11-04 00:00:00,"The estimate visit took about thirty minutes. Very unprofessional, he was yelling at his helper in my driveway. No one would stand behind their work and they denied my claim. It was a two story house in the foothills.",3,0,0,2.5,30
sample_rev_00569,sample_biz_019,Roofing Pros 019 (SAMPLE),"Home Services, Roofing, Contractors",Tucson,AZ,4,2021-11-25 00:00:00,"Quick response, quality work and a very reasonable estimate. It was a two story house in the foothills. I will definitely use them again for the next project.",1,1,0,3.0,60
sample_rev_01023,sample_biz_035,Roofing Pros 035 (SAMPLE),"Home Services, Roofing, Contractors",Tucson,AZ,5,2021-02-02 00:00:00,Fair price and no surprises on the final bill. They gave a lifetime warranty on the parts. It was a two story house in the foothills.,1,1,0,4.5,60
sample_rev_00734,sample_biz_026,HVAC Pros 026 (SAMPLE),"Home Services, Heating & Air Conditioning/HVAC",Tucson,AZ,3,2019-12-11 00:00:00,They were a little late but the quality of the repair was good. The estimate visit took about thirty minutes. The technician was rude and dismissive when I asked questions.,1,0,0,3.0,60
sample_rev_00792,sample_biz_028,Movers Pros 028 (SAMPLE),"Home Services, Movers, Packing Services",Tucson,AZ,1,2019-10-26 00:00:00,The estimate visit took about thirty minutes. He left the job unfinished and never came back. We have lived here for about six years. They never called back despite five voicemails.,1,0,0,3.5,30
sample_rev_00017,sample_biz_000,Plumbing Pros 000 (SAMPLE),"Home Services, Plumbing, Water Heater Installation/Repair",Tucson,AZ,1,2020-06-01 00:00:00,The appointment was scheduled for a Tuesday morning. It was a two story house in the foothills. He left the job unfinished and never came back.,1,1,0,3.5,24
sample_rev_00127,sample_biz_004,Movers Pros 004 (SAMPLE),"Home Services, Movers, Packing Services",Tucson,AZ,5,2021-04-14 00:00:00,Fair price and no surprises on the final bill. The estimate visit took about thirty minutes.,1,1,0,2.5,14
sample_rev_00322,sample_biz_010,HVAC Pros 010 (SAMPLE),"Home Services, Heating & Air Conditioning/HVAC",Tucson,AZ,2,2021-08-09 00:00:00,I waited all day and the technician arrived after dark. It was a two story house in the foothills.,1,0,1,4.0,48
sample_rev_00255,sample_biz_008,Plumbing Pros 008 (SAMPLE),"Home Services, Plumbing, Water Heater Installation/Repair",Tucson,AZ,5,2020-09-19 00:00:00,"The technician was friendly, professional and explained everything clearly. It was a two story house in the foothills. Quick response, quality work and a very reasonable estimate.",2,1,0,3.0,60
sample_rev_00901,sample_biz_032,Plumbing Pros 032 (SAMPLE),"Home Services, Plumbing, Water Heater Installation/Repair",Tucson,AZ,5,2016-03-13 00:00:00,"Quick response, quality work and a very reasonable estimate. Very safe and careful, everything was done to code and permitted. They honored the warranty without any hassle which I really appreciated.",0,0,0,4.0,60
sample_rev_01153,sample_biz_039,Landscaping Pros 039 (SAMPLE),"Home Services, Landscaping, Tree Services",Tucson,AZ,5,2019-05-06 00:00:00,We have lived here for about six years. Fair price and no surprises on the final bill. The appointment was scheduled for a Tuesday morning. They gave a lifetime warranty on the parts. The work looks fantastic and they cleaned up completely.,0,0,1,3.5,30
sample_rev_00190,sample_biz_006,Home Pros 006 (SAMPLE),"Home Services, Home Cleaning, Carpet Cleaning",Tucson,AZ,5,2019-07-27 00:00:00,"Quick response, quality work and a very reasonable estimate. Great service from start to finish and I would recommend them to anyone. I will definitely use them again for the next project.",1,0,0,2.5,24
sample_rev_00115,sample_biz_003,Roofing Pros 003 (SAMPLE),"Home Services, Roofing, Contractors",Tucson,AZ,5,2021-10-13 00:00:00,"Great service from start to finish and I would recommend them to anyone. The estimate visit took about thirty minutes. They were not late at all, which was a nice change.",2,0,0,4.5,8
sample_rev_01147,sample_biz_039,Landscaping Pros 039 (SAMPLE),"Home Services, Landscaping, Tree Services",Tucson,AZ,1,2017-10-24 00:00:00,Completely unresponsive once they had my deposit. The appointment was scheduled for a Tuesday morning.,2,0,1,3.5,30
sample_rev_00849,sample_biz_030,Home Pros 030 (SAMPLE),"Home Services, Home Cleaning, Carpet Cleaning",Tucson,AZ,2,2021-10-26 00:00:00,We called them after seeing the listing online. The technician was rude and dismissive when I asked questions.,1,0,1,2.5,30
sample_rev_00606,sample_biz_021,General Pros 021 (SAMPLE),"Home Services, Contractors, Handyman",Tucson,AZ,2,2021-05-21 00:00:00,I waited all day and the technician arrived after dark. The appointment was scheduled for a Tuesday morning. I asked for a refund under the guarantee and was told no.,1,0,0,3.0,36
sample_rev_00180,sample_biz_006,Home Pros 006 (SAMPLE),"Home Services, Home Cleaning, Carpet Cleaning",Tucson,AZ,5,2016-11-30 00:00:00,Fair price and no surprises on the final bill. Great service from start to finish and I would recommend them to anyone. The estimate visit took about thirty minutes. They arrived on time and finished the job faster than expected. It was a two story house in the foothills.,0,0,0,2.5,24
sample_rev_00301,sample_biz_010,HVAC Pros 010 (SAMPLE),"Home Services, Heating & Air Conditioning/HVAC",Tucson,AZ,5,2019-09-02 00:00:00,They arrived on time and finished the job faster than expected.,0,0,1,4.0,48
sample_rev_00496,sample_biz_018,HVAC Pros 018 (SAMPLE),"Home Services, Heating & Air Conditioning/HVAC",Tucson,AZ,2,2018-08-07 00:00:00,The estimate visit took about thirty minutes. We called them after seeing the listing online. They arrived on time and finished the job faster than expected. I will definitely use them again for the next project.,3,0,0,2.5,24
sample_rev_00983,sample_biz_035,Roofing Pros 035 (SAMPLE),"Home Services, Roofing, Contractors",Tucson,AZ,5,2015-10-14 00:00:00,"Great service from start to finish and I would recommend them to anyone. The estimate visit took about thirty minutes. Quick response, quality work and a very reasonable estimate.",3,0,1,4.5,60
sample_rev_00999,sample_biz_035,Roofing Pros 035 (SAMPLE),"Home Services, Roofing, Contractors",Tucson,AZ,4,2018-08-17 00:00:00,"The technician was friendly, professional and explained everything clearly. He stayed on schedule and kept me updated by text. We have lived here for about six years. Great service from start to finish and I would recommend them to anyone.",1,0,0,4.5,60
sample_rev_00939,sample_biz_032,Plumbing Pros 032 (SAMPLE),"Home Services, Plumbing, Water Heater Installation/Repair",Tucson,AZ,5,2020-09-08 00:00:00,Fair price and no surprises on the final bill. Great service from start to finish and I would recommend them to anyone. They gave a lifetime warranty on the parts. The estimate visit took about thirty minutes. The appointment was scheduled for a Tuesday morning.,3,1,0,4.0,60
sample_rev_00744,sample_biz_026,HVAC Pros 026 (SAMPLE),"Home Services, Heating & Air Conditioning/HVAC",Tucson,AZ,5,2020-05-02 00:00:00,I will definitely use them again for the next project. They arrived on time and finished the job faster than expected.,1,0,0,3.0,60
sample_rev_00912,sample_biz_032,Plumbing Pros 032 (SAMPLE),"Home Services, Plumbing, Water Heater Installation/Repair",Tucson,AZ,5,2018-05-25 00:00:00,"They gave a lifetime warranty on the parts. The estimate visit took about thirty minutes. Excellent communication, they called back within the hour.",0,0,2,4.0,60
sample_rev_00517,sample_biz_019,Roofing Pros 019 (SAMPLE),"Home Services, Roofing, Contractors",Tucson,AZ,3,2017-08-29 00:00:00,It was a two story house in the foothills. They arrived on time and finished the job faster than expected. The work itself was decent but the communication could have been better.,0,0,0,3.0,60
sample_rev_00372,sample_biz_014,Home Pros 014 (SAMPLE),"Home Services, Home Cleaning, Carpet Cleaning",Tucson,AZ,4,2016-12-02 00:00:00,The appointment was scheduled for a Tuesday morning. It was a two story house in the foothills. Great service from start to finish and I would recommend them to anyone. Fair price and no surprises on the final bill.,0,0,0,4.5,30
sample_rev_00045,sample_biz_001,Electricians Pros 001 (SAMPLE),"Home Services, Electricians, Lighting Fixtures & Equipment",Tucson,AZ,5,2020-05-18 00:00:00,The work looks fantastic and they cleaned up completely. I will definitely use them again for the next project. They honored the warranty without any hassle which I really appreciated.,2,1,0,3.5,48
sample_rev_00476,sample_biz_017,Electricians Pros 017 (SAMPLE),"Home Services, Electricians, Lighting Fixtures & Equipment",Tucson,AZ,2,2019-05-23 00:00:00,He left the job unfinished and never came back. We called them after seeing the listing online. The appointment was scheduled for a Tuesday morning.,0,0,0,4.5,14
sample_rev_00157,sample_biz_005,General Pros 005 (SAMPLE),"Home Services, Contractors, Handyman",Tucson,AZ,1,2020-07-08 00:00:00,They botched the install and the finish is crooked and cracked. I waited all day and the technician arrived after dark. We have lived here for about six years.,1,0,0,2.5,48
sample_rev_01024,sample_biz_035,Roofing Pros 035 (SAMPLE),"Home Services, Roofing, Contractors",Tucson,AZ,5,2021-02-25 00:00:00,"Very safe and careful, everything was done to code and permitted. It was a two story house in the foothills. Quick response, quality work and a very reasonable estimate. We called them after seeing the listing online.",0,0,0,4.5,60
sample_rev_00171,sample_biz_005,General Pros 005 (SAMPLE),"Home Services, Contractors, Handyman",Tucson,AZ,5,2021-05-25 00:00:00,"The estimate visit took about thirty minutes. We called them after seeing the listing online. Quick response, quality work and a very reasonable estimate. Excellent communication, they called back within the hour.",1,0,0,2.5,48
sample_rev_00016,sample_biz_000,Plumbing Pros 000 (SAMPLE),"Home Services, Plumbing, Water Heater Installation/Repair",Tucson,AZ,4,2020-04-08 00:00:00,They gave a lifetime warranty on the parts. They honored the warranty without any hassle which I really appreciated.,0,0,0,3.5,24
sample_rev_00511,sample_biz_018,HVAC Pros 018 (SAMPLE),"Home Services, Heating & Air Conditioning/HVAC",Tucson,AZ,3,2022-01-11 00:00:00,"Good crew overall, although the price was a bit higher than I expected. The work looks fantastic and they cleaned up completely. We called them after seeing the listing online.",1,0,0,2.5,24
sample_rev_00048,sample_biz_001,Electricians Pros 001 (SAMPLE),"Home Services, Electricians, Lighting Fixtures & Equipment",Tucson,AZ,1,2020-06-02 00:00:00,We have lived here for about six years. Terrible attitude and a dirty truck full of garbage. The estimate visit took about thirty minutes.,2,0,0,3.5,48
sample_rev_00191,sample_biz_006,Home Pros 006 (SAMPLE),"Home Services, Home Cleaning, Carpet Cleaning",Tucson,AZ,1,2019-08-23 00:00:00,"They never called back despite five voicemails. Hidden fees everywhere, it felt like a complete rip off. The estimate visit took about thirty minutes. We called them after seeing the listing online.",3,0,1,2.5,24
sample_rev_00546,sample_biz_019,Roofing Pros 019 (SAMPLE),"Home Services, Roofing, Contractors",Tucson,AZ,1,2020-10-19 00:00:00,"Shoddy workmanship, I had to hire someone else to redo the whole job. The estimate visit took about thirty minutes. We have lived here for about six years.",0,0,0,3.0,60
sample_rev_00515,sample_biz_019,Roofing Pros 019 (SAMPLE),"Home Services, Roofing, Contractors",Tucson,AZ,4,2017-06-04 00:00:00,"They were not late at all, which was a nice change. Quick response, quality work and a very reasonable estimate. Very safe and careful, everything was done to code and permitted.",0,0,0,3.0,60
sample_rev_00934,sample_biz_032,Plumbing Pros 032 (SAMPLE),"Home Services, Plumbing, Water Heater Installation/Repair",Tucson,AZ,1,2020-03-21 00:00:00,"The appointment was scheduled for a Tuesday morning. We have lived here for about six years. The project took forever and was weeks behind schedule. Hidden fees everywhere, it felt like a complete rip off.",0,0,0,4.0,60
sample_rev_00944,sample_biz_032,Plumbing Pros 032 (SAMPLE),"Home Services, Plumbing, Water Heater Installation/Repair",Tucson,AZ,4,2020-12-30 00:00:00,They honored the warranty without any hassle which I really appreciated. It was a two story house in the foothills.,2,0,0,4.0,60
sample_rev_00828,sample_biz_030,Home Pros 030 (SAMPLE),"Home Services, Home Cleaning, Carpet Cleaning",Tucson,AZ,1,2018-10-26 00:00:00,"Very unprofessional, he was yelling at his helper in my driveway. We have lived here for about six years.",1,0,0,2.5,30
sample_rev_00940,sample_biz_032,Plumbing Pros 032 (SAMPLE),"Home Services, Plumbing, Water Heater Installation/Repair",Tucson,AZ,4,2020-11-28 00:00:00,"It was a two story house in the foothills. The estimate visit took about thirty minutes. Quick response, quality work and a very reasonable estimate.",0,0,0,4.0,60
sample_rev_00480,sample_biz_017,Electricians Pros 017 (SAMPLE),"Home Services, Electricians, Lighting Fixtures & Equipment",Tucson,AZ,5,2021-08-28 00:00:00,"He stayed on schedule and kept me updated by text. We called them after seeing the listing online. The technician was friendly, professional and explained everything clearly.",0,0,0,4.5,14
sample_rev_00283,sample_biz_009,Electricians Pros 009 (SAMPLE),"Home Services, Electricians, Lighting Fixtures & Equipment",Tucson,AZ,5,2021-12-22 00:00:00,"Quick response, quality work and a very reasonable estimate. Very safe and careful, everything was done to code and permitted.",1,0,1,3.0,8
sample_rev_00989,sample_biz_035,Roofing Pros 035 (SAMPLE),"Home Services, Roofing, Contractors",Tucson,AZ,5,2017-02-05 00:00:00,We called them after seeing the listing online. It was a two story house in the foothills. Fair price and no surprises on the final bill.,2,0,1,4.5,60
sample_rev_00797,sample_biz_028,Movers Pros 028 (SAMPLE),"Home Services, Movers, Packing Services",Tucson,AZ,5,2020-07-03 00:00:00,The work looks fantastic and they cleaned up completely. Great service from start to finish and I would recommend them to anyone.,0,0,1,3.5,30
sample_rev_01128,sample_biz_038,Home Pros 038 (SAMPLE),"Home Services, Home Cleaning, Carpet Cleaning",Tucson,AZ,5,2020-06-30 00:00:00,"The technician was friendly, professional and explained everything clearly. Fair price and no surprises on the final bill.",1,0,0,4.0,36
sample_rev_00225,sample_biz_008,Plumbing Pros 008 (SAMPLE),"Home Services, Plumbing, Water Heater Installation/Repair",Tucson,AZ,4,2018-03-03 00:00:00,The appointment was scheduled for a Tuesday morning. They honored the warranty without any hassle which I really appreciated. It was a two story house in the foothills. They arrived on time and finished the job faster than expected. I will definitely use them again for the next project.,3,0,1,3.0,60
sample_rev_00026,sample_biz_001,Electricians Pros 001 (SAMPLE),"Home Services, Electricians, Lighting Fixtures & Equipment",Tucson,AZ,5,2017-12-04 00:00:00,"We have lived here for about six years. Very safe and careful, everything was done to code and permitted. It was a two story house in the foothills. I will definitely use them again for the next project.",1,1,0,3.5,48
sample_rev_00282,sample_biz_009,Electricians Pros 009 (SAMPLE),"Home Services, Electricians, Lighting Fixtures & Equipment",Tucson,AZ,1,2021-12-11 00:00:00,The appointment was scheduled for a Tuesday morning. No one would stand behind their work and they denied my claim.,1,1,0,3.0,8
sample_rev_01124,sample_biz_038,Home Pros 038 (SAMPLE),"Home Services, Home Cleaning, Carpet Cleaning",Tucson,AZ,5,2020-03-06 00:00:00,"No hidden fees, the quote matched the invoice exactly. The appointment was scheduled for a Tuesday morning. They arrived on time and finished the job faster than expected. Quick response, quality work and a very reasonable estimate. The technician was friendly, professional and explained everything clearly.",1,0,0,4.0,36
sample_rev_00437,sample_biz_016,Plumbing Pros 016 (SAMPLE),"Home Services, Plumbing, Water Heater Installation/Repair",Tucson,AZ,4,2018-10-19 00:00:00,The appointment was scheduled for a Tuesday morning. Great service from start to finish and I would recommend them to anyone. We called them after seeing the listing online. They honored the warranty without any hassle which I really appreciated. They arrived on time and finished the job faster than expected.,2,0,0,4.0,48
sample_rev_01141,sample_biz_038,Home Pros 038 (SAMPLE),"Home Services, Home Cleaning, Carpet Cleaning",Tucson,AZ,4,2021-12-09 00:00:00,"We called them after seeing the listing online. Fair price and no surprises on the final bill. The work looks fantastic and they cleaned up completely. Quick response, quality work and a very reasonable estimate.",0,0,0,4.0,36
sample_rev_00364,sample_biz_013,General Pros 013 (SAMPLE),"Home Services, Contractors, Handyman",Tucson,AZ,2,2017-05-04 00:00:00,They never showed up and did not even call to cancel. It was a two story house in the foothills. We called them after seeing the listing online.,3,0,0,4.0,8
sample_rev_00229,sample_biz_008,Plumbing Pros 008 (SAMPLE),"Home Services, Plumbing, Water Heater Installation/Repair",Tucson,AZ,5,2018-08-10 00:00:00,"The work looks fantastic and they cleaned up completely. The technician was friendly, professional and explained everything clearly. Very safe and careful, everything was done to code and permitted.",0,0,1,3.0,60
sample_rev_00037,sample_biz_001,Electricians Pros 001 (SAMPLE),"Home Services, Electricians, Lighting Fixtures & Equipment",Tucson,AZ,5,2019-09-24 00:00:00,Great service from start to finish and I would recommend them to anyone. We have lived here for about six years.,2,0,1,3.5,48
sample_rev_00669,sample_biz_024,Plumbing Pros 024 (SAMPLE),"Home Services, Plumbing, Water Heater Installation/Repair",Tucson,AZ,2,2019-06-10 00:00:00,Terrible attitude and a dirty truck full of garbage. The appointment was scheduled for a Tuesday morning. Would not recommend. The work was sloppy and the pipe is still leaking again after they left. The project took forever and was weeks behind schedule.,0,0,0,2.5,36
sample_rev_00749,sample_biz_026,HVAC Pros 026 (SAMPLE),"Home Services, Heating & Air Conditioning/HVAC",Tucson,AZ,1,2020-09-22 00:00:00,Would not recommend. We have lived here for about six years. They never showed up and did not even call to cancel.,2,0,0,3.0,60
sample_rev_01154,sample_biz_039,Landscaping Pros 039 (SAMPLE),"Home Services, Landscaping, Tree Services",Tucson,AZ,4,2019-10-18 00:00:00,It was a two story house in the foothills. After two missed appointments I gave up on them.,0,0,0,3.5,30
sample_rev_00374,sample_biz_014,Home Pros 014 (SAMPLE),"Home Services, Home Cleaning, Carpet Cleaning",Tucson,AZ,5,2017-09-27 00:00:00,The estimate visit took about thirty minutes. They never showed up and did not even call to cancel. The appointment was scheduled for a Tuesday morning.,1,0,0,4.5,30
sample_rev_00469,sample_biz_016,Plumbing Pros 016 (SAMPLE),"Home Services, Plumbing, Water Heater Installation/Repair",Tucson,AZ,2,2021-09-14 00:00:00,"The estimate visit took about thirty minutes. Exposed wires and sparks from the panel, a real fire hazard. The appointment was scheduled for a Tuesday morning.",2,0,1,4.0,48
sample_rev_00882,sample_biz_031,Landscaping Pros 031 (SAMPLE),"Home Services, Landscaping, Tree Services",Tucson,AZ,5,2020-11-11 00:00:00,"They honored the warranty without any hassle which I really appreciated. The work looks fantastic and they cleaned up completely. Quick response, quality work and a very reasonable estimate. They gave a lifetime warranty on the parts.",1,0,0,4.0,48
sample_rev_01155,sample_biz_039,Landscaping Pros 039 (SAMPLE),"Home Services, Landscaping, Tree Services",Tucson,AZ,1,2019-12-19 00:00:00,He left the job unfinished and never came back. We called them after seeing the listing online.,1,0,0,3.5,30
sample_rev_00687,sample_biz_024,Plumbing Pros 024 (SAMPLE),"Home Services, Plumbing, Water Heater Installation/Repair",Tucson,AZ,1,2021-09-13 00:00:00,"Very safe and careful, everything was done to code and permitted. They were not late at all, which was a nice change. We called them after seeing the listing online. The technician was friendly, professional and explained everything clearly. We have lived here for about six years. I will definitely use them again for the next project.",1,0,0,2.5,36
sample_rev_00032,sample_biz_001,Electricians Pros 001 (SAMPLE),"Home Services, Electricians, Lighting Fixtures & Equipment",Tucson,AZ,5,2019-04-04 00:00:00,The estimate visit took about thirty minutes. The appointment was scheduled for a Tuesday morning. The project took forever and was weeks behind schedule.,0,1,0,3.5,48
sample_rev_00965,sample_biz_033,Electricians Pros 033 (SAMPLE),"Home Services, Electricians, Lighting Fixtures & Equipment",Tucson,AZ,1,2019-07-08 00:00:00,The estimate visit took about thirty minutes. We have lived here for about six years. Zero communication and no response to my emails. They never showed up and did not even call to cancel. Would not recommend.,1,0,0,3.5,14
sample_rev_01002,sample_biz_035,Roofing Pros 035 (SAMPLE),"Home Services, Roofing, Contractors",Tucson,AZ,5,2019-02-02 00:00:00,"Great service from start to finish and I would recommend them to anyone. It was a two story house in the foothills. They were not late at all, which was a nice change.",1,0,0,4.5,60
sample_rev_00194,sample_biz_006,Home Pros 006 (SAMPLE),"Home Services, Home Cleaning, Carpet Cleaning",Tucson,AZ,1,2020-07-17 00:00:00,They never called back despite five voicemails. We have lived here for about six years.,1,0,1,2.5,24
sample_rev_01081,sample_biz_037,General Pros 037 (SAMPLE),"Home Services, Contractors, Handyman",Tucson,AZ,5,2018-01-10 00:00:00,"The appointment was scheduled for a Tuesday morning. Excellent communication, they called back within the hour.",2,0,2,4.0,30
sample_rev_01089,sample_biz_037,General Pros 037 (SAMPLE),"Home Services, Contractors, Handyman",Tucson,AZ,2,2019-07-28 00:00:00,"I will definitely use them again for the next project. Fair price and no surprises on the final bill. He stayed on schedule and kept me updated by text. Excellent communication, they called back within the hour. The estimate visit took about thirty minutes.",1,0,0,4.0,30
sample_rev_00503,sample_biz_018,HVAC Pros 018 (SAMPLE),"Home Services, Heating & Air Conditioning/HVAC",Tucson,AZ,1,2020-04-26 00:00:00,We called them after seeing the listing online. He left the job unfinished and never came back. Zero communication and no response to my emails.,0,0,0,2.5,24
sample_rev_00933,sample_biz_032,Plumbing Pros 032 (SAMPLE),"Home Services, Plumbing, Water Heater Installation/Repair",Tucson,AZ,5,2020-03-10 00:00:00,"We called them after seeing the listing online. Great service from start to finish and I would recommend them to anyone. The estimate visit took about thirty minutes. They were not late at all, which was a nice change.",2,0,0,4.0,60
sample_rev_01156,sample_biz_039,Landscaping Pros 039 (SAMPLE),"Home Services, Landscaping, Tree Services",Tucson,AZ,1,2020-01-21 00:00:00,"Very unprofessional, he was yelling at his helper in my driveway. The estimate visit took about thirty minutes.",2,1,1,3.5,30
sample_rev_01063,sample_biz_036,Movers Pros 036 (SAMPLE),"Home Services, Movers, Packing Services",Tucson,AZ,4,2020-01-13 00:00:00,"The appointment was scheduled for a Tuesday morning. Very safe and careful, everything was done to code and permitted. We have lived here for about six years. Fair price and no surprises on the final bill.",2,0,0,4.0,36
sample_rev_00800,sample_biz_028,Movers Pros 028 (SAMPLE),"Home Services, Movers, Packing Services",Tucson,AZ,5,2020-11-30 00:00:00,The estimate visit took about thirty minutes. Great service from start to finish and I would recommend them to anyone. We have lived here for about six years.,0,0,0,3.5,30
sample_rev_00579,sample_biz_020,Movers Pros 020 (SAMPLE),"Home Services, Movers, Packing Services",Tucson,AZ,2,2021-12-26 00:00:00,I asked for a refund under the guarantee and was told no. We called them after seeing the listing online. It was a two story house in the foothills.,0,0,2,3.0,8
sample_rev_00160,sample_biz_005,General Pros 005 (SAMPLE),"Home Services, Contractors, Handyman",Tucson,AZ,1,2020-09-02 00:00:00,It was a two story house in the foothills. I waited all day and the technician arrived after dark. The repair did not fix the problem and they left a huge mess behind.,0,0,0,2.5,48
sample_rev_00680,sample_biz_024,Plumbing Pros 024 (SAMPLE),"Home Services, Plumbing, Water Heater Installation/Repair",Tucson,AZ,1,2021-02-20 00:00:00,"We have lived here for about six years. The technician was rude and dismissive when I asked questions. The estimate visit took about thirty minutes. Constant delays, they rescheduled four times.",1,1,0,2.5,36
sample_rev_01106,sample_biz_037,General Pros 037 (SAMPLE),"Home Services, Contractors, Handyman",Tucson,AZ,5,2021-10-04 00:00:00,"The technician was friendly, professional and explained everything clearly. The appointment was scheduled for a Tuesday morning.",1,0,0,4.0,30
sample_rev_00162,sample_biz_005,General Pros 005 (SAMPLE),"Home Services, Contractors, Handyman",Tucson,AZ,3,2020-09-27 00:00:00,The company will not cover the repair even though it is under warranty. They were a little late but the quality of the repair was good. The estimate visit took about thirty minutes.,3,0,0,2.5,48
sample_rev_00821,sample_biz_029,General Pros 029 (SAMPLE),"Home Services, Contractors, Handyman",Tucson,AZ,1,2021-11-02 00:00:00,The work was sloppy and the pipe is still leaking again after they left. It was a two story house in the foothills.,1,0,0,2.5,8
sample_rev_00705,sample_biz_025,Electricians Pros 025 (SAMPLE),"Home Services, Electricians, Lighting Fixtures & Equipment",Tucson,AZ,5,2020-04-19 00:00:00,Completely unresponsive once they had my deposit. The estimate visit took about thirty minutes. We have lived here for about six years.,2,0,1,3.5,14
sample_rev_00963,sample_biz_033,Electricians Pros 033 (SAMPLE),"Home Services, Electricians, Lighting Fixtures & Equipment",Tucson,AZ,3,2019-02-13 00:00:00,"The appointment was scheduled for a Tuesday morning. They were a little late but the quality of the repair was good. Quick response, quality work and a very reasonable estimate.",2,0,0,3.5,14
sample_rev_00877,sample_biz_031,Landscaping Pros 031 (SAMPLE),"Home Services, Landscaping, Tree Services",Tucson,AZ,4,2020-06-26 00:00:00,"Fair price and no surprises on the final bill. The technician was friendly, professional and explained everything clearly.",1,0,0,4.0,48
sample_rev_00895,sample_biz_031,Landscaping Pros 031 (SAMPLE),"Home Services, Landscaping, Tree Services",Tucson,AZ,4,2021-08-13 00:00:00,"Quick response, quality work and a very reasonable estimate. The technician was friendly, professional and explained everything clearly. Fair price and no surprises on the final bill. No hidden fees, the quote matched the invoice exactly. We called them after seeing the listing online.",1,0,0,4.0,48
sample_rev_01172,sample_biz_039,Landscaping Pros 039 (SAMPLE),"Home Services, Landscaping, Tree Services",Tucson,AZ,5,2021-12-30 00:00:00,"Excellent communication, they called back within the hour. Fair price and no surprises on the final bill. The estimate visit took about thirty minutes.",0,0,0,3.5,30
sample_rev_00152,sample_biz_005,General Pros 005 (SAMPLE),"Home Services, Contractors, Handyman",Tucson,AZ,1,2020-04-04 00:00:00,"Very safe and careful, everything was done to code and permitted. They gave a lifetime warranty on the parts. Quick response, quality work and a very reasonable estimate.",0,0,1,2.5,48
sample_rev_00966,sample_biz_033,Electricians Pros 033 (SAMPLE),"Home Services, Electricians, Lighting Fixtures & Equipment",Tucson,AZ,5,2019-10-14 00:00:00,"They arrived on time and finished the job faster than expected. The appointment was scheduled for a Tuesday morning. Quick response, quality work and a very reasonable estimate. Fair price and no surprises on the final bill.",1,0,2,3.5,14
sample_rev_00958,sample_biz_032,Plumbing Pros 032 (SAMPLE),"Home Services, Plumbing, Water Heater Installation/Repair",Tucson,AZ,4,2021-12-23 00:00:00,"It was a two story house in the foothills. The work looks fantastic and they cleaned up completely. Very safe and careful, everything was done to code and permitted. We called them after seeing the listing online. Great service from start to finish and I would recommend them to anyone.",1,0,0,4.0,60
sample_rev_00509,sample_biz_018,HVAC Pros 018 (SAMPLE),"Home Services, Heating & Air Conditioning/HVAC",Tucson,AZ,1,2021-10-12 00:00:00,We have lived here for about six years. Completely unresponsive once they had my deposit. Would not recommend. He left the job unfinished and never came back.,1,1,0,2.5,24
sample_rev_00111,sample_biz_003,Roofing Pros 003 (SAMPLE),"Home Services, Roofing, Contractors",Tucson,AZ,4,2019-04-19 00:00:00,The appointment was scheduled for a Tuesday morning. Fair price and no surprises on the final bill.,3,0,2,4.5,8
sample_rev_00226,sample_biz_008,Plumbing Pros 008 (SAMPLE),"Home Services, Plumbing, Water Heater Installation/Repair",Tucson,AZ,5,2018-06-01 00:00:00,"We called them after seeing the listing online. I will definitely use them again for the next project. Excellent communication, they called back within the hour. It was a two story house in the foothills.",4,0,0,3.0,60
sample_rev_00942,sample_biz_032,Plumbing Pros 032 (SAMPLE),"Home Services, Plumbing, Water Heater Installation/Repair",Tucson,AZ,1,2020-12-10 00:00:00,"They never showed up and did not even call to cancel. They showed up three hours late and then left early. We called them after seeing the listing online. The quote doubled once they started, classic bait and switch. The appointment was scheduled for a Tuesday morning.",1,0,0,4.0,60
sample_rev_00851,sample_biz_030,Home Pros 030 (SAMPLE),"Home Services, Home Cleaning, Carpet Cleaning",Tucson,AZ,1,2022-01-14 00:00:00,Terrible attitude and a dirty truck full of garbage. We have lived here for about six years. After two missed appointments I gave up on them.,2,0,0,2.5,30
sample_rev_00103,sample_biz_002,HVAC Pros 002 (SAMPLE),"Home Services, Heating & Air Conditioning/HVAC",Tucson,AZ,5,2021-09-21 00:00:00,The work looks fantastic and they cleaned up completely. Great service from start to finish and I would recommend them to anyone.,2,1,0,4.5,36
sample_rev_00421,sample_biz_015,Landscaping Pros 015 (SAMPLE),"Home Services, Landscaping, Tree Services",Tucson,AZ,2,2021-06-08 00:00:00,They left trash all over my yard and were disrespectful. We have lived here for about six years. The estimate visit took about thirty minutes.,0,0,0,4.0,24
sample_rev_00419,sample_biz_015,Landscaping Pros 015 (SAMPLE),"Home Services, Landscaping, Tree Services",Tucson,AZ,5,2021-01-26 00:00:00,"Quick response, quality work and a very reasonable estimate. It was a two story house in the foothills. The appointment was scheduled for a Tuesday morning.",0,0,0,4.0,24
sample_rev_00624,sample_biz_022,Home Pros 022 (SAMPLE),"Home Services, Home Cleaning, Carpet Cleaning",Tucson,AZ,2,2019-07-23 00:00:00,Would not recommend. The crew was a no show on the day of the appointment. The estimate visit took about thirty minutes.,1,0,0,3.5,30
sample_rev_00586,sample_biz_021,General Pros 021 (SAMPLE),"Home Services, Contractors, Handyman",Tucson,AZ,1,2018-08-22 00:00:00,"It was a two story house in the foothills. The estimate visit took about thirty minutes. Quick response, quality work and a very reasonable estimate.",3,0,0,3.0,36
sample_rev_01058,sample_biz_036,Movers Pros 036 (SAMPLE),"Home Services, Movers, Packing Services",Tucson,AZ,4,2019-06-27 00:00:00,"The work looks fantastic and they cleaned up completely. They honored the warranty without any hassle which I really appreciated. Quick response, quality work and a very reasonable estimate.",0,0,0,4.0,36
sample_rev_00919,sample_biz_032,Plumbing Pros 032 (SAMPLE),"Home Services, Plumbing, Water Heater Installation/Repair",Tucson,AZ,5,2019-06-18 00:00:00,"Quick response, quality work and a very reasonable estimate.",3,0,0,4.0,60
sample_rev_00672,sample_biz_024,Plumbing Pros 024 (SAMPLE),"Home Services, Plumbing, Water Heater Installation/Repair",Tucson,AZ,2,2020-01-13 00:00:00,The estimate visit took about thirty minutes. Great service from start to finish and I would recommend them to anyone. They arrived on time and finished the job faster than expected. We called them after seeing the listing online.,0,0,0,2.5,36
sample_rev_00119,sample_biz_004,Movers Pros 004 (SAMPLE),"Home Services, Movers, Packing Services",Tucson,AZ,5,2018-10-15 00:00:00,The estimate visit took about thirty minutes. After two missed appointments I gave up on them. It was a two story house in the foothills.,0,0,2,2.5,14
sample_rev_00053,sample_biz_001,Electricians Pros 001 (SAMPLE),"Home Services, Electricians, Lighting Fixtures & Equipment",Tucson,AZ,4,2020-12-28 00:00:00,Fair price and no surprises on the final bill.,0,0,0,3.5,48
sample_rev_00151,sample_biz_005,General Pros 005 (SAMPLE),"Home Services, Contractors, Handyman",Tucson,AZ,3,2020-04-03 00:00:00,They were a little late but the quality of the repair was good. The estimate visit took about thirty minutes. Price gouging after they said it was an emergency.,0,0,0,2.5,48
sample_rev_00403,sample_biz_015,Landscaping Pros 015 (SAMPLE),"Home Services, Landscaping, Tree Services",Tucson,AZ,5,2017-09-14 00:00:00,"We called them after seeing the listing online. Fair price and no surprises on the final bill. They were not late at all, which was a nice change. I will definitely use them again for the next project. Very safe and careful, everything was done to code and permitted.",0,0,0,4.0,24
sample_rev_01162,sample_biz_039,Landscaping Pros 039 (SAMPLE),"Home Services, Landscaping, Tree Services",Tucson,AZ,1,2021-01-10 00:00:00,We have lived here for about six years. The appointment was scheduled for a Tuesday morning. Zero communication and no response to my emails.,1,0,0,3.5,30
sample_rev_00207,sample_biz_007,Landscaping Pros 007 (SAMPLE),"Home Services, Landscaping, Tree Services",Tucson,AZ,2,2018-12-28 00:00:00,"We called them after seeing the listing online. Constant delays, they rescheduled four times. It was a two story house in the foothills.",1,0,1,4.5,14
sample_rev_01110,sample_biz_038,Home Pros 038 (SAMPLE),"Home Services, Home Cleaning, Carpet Cleaning",Tucson,AZ,5,2017-09-15 00:00:00,The estimate visit took about thirty minutes. Great service from start to finish and I would recommend them to anyone. It was a two story house in the foothills.,0,0,0,4.0,36
sample_rev_00658,sample_biz_023,Landscaping Pros 023 (SAMPLE),"Home Services, Landscaping, Tree Services",Tucson,AZ,5,2021-05-21 00:00:00,"They gave a lifetime warranty on the parts. Quick response, quality work and a very reasonable estimate. We called them after seeing the listing online. It was a two story house in the foothills. The work looks fantastic and they cleaned up completely. Excellent communication, they called back within the hour.",1,0,2,2.5,14
sample_rev_01072,sample_biz_036,Movers Pros 036 (SAMPLE),"Home Services, Movers, Packing Services",Tucson,AZ,5,2021-03-10 00:00:00,Fair price and no surprises on the final bill. Great service from start to finish and I would recommend them to anyone. The estimate visit took about thirty minutes. It was a two story house in the foothills. I will definitely use them again for the next project.,2,0,1,4.0,36
sample_rev_00232,sample_biz_008,Plumbing Pros 008 (SAMPLE),"Home Services, Plumbing, Water Heater Installation/Repair",Tucson,AZ,4,2018-09-19 00:00:00,"I will definitely use them again for the next project. Excellent communication, they called back within the hour. They arrived on time and finished the job faster than expected.",1,0,0,3.0,60
sample_rev_00008,sample_biz_000,Plumbing Pros 000 (SAMPLE),"Home Services, Plumbing, Water Heater Installation/Repair",Tucson,AZ,4,2019-04-30 00:00:00,"It was a two story house in the foothills. They arrived on time and finished the job faster than expected. Fair price and no surprises on the final bill. Very safe and careful, everything was done to code and permitted.",0,0,0,3.5,24
sample_rev_00159,sample_biz_005,General Pros 005 (SAMPLE),"Home Services, Contractors, Handyman",Tucson,AZ,1,2020-07-23 00:00:00,The repair did not fix the problem and they left a huge mess behind. The appointment was scheduled for a Tuesday morning. They showed up three hours late and then left early.,2,0,0,2.5,48
sample_rev_00036,sample_biz_001,Electricians Pros 001 (SAMPLE),"Home Services, Electricians, Lighting Fixtures & Equipment",Tucson,AZ,5,2019-09-15 00:00:00,It was a two story house in the foothills. We have lived here for about six years. They honored the warranty without any hassle which I really appreciated. The work looks fantastic and they cleaned up completely.,3,1,0,3.5,48
sample_rev_00452,sample_biz_016,Plumbing Pros 016 (SAMPLE),"Home Services, Plumbing, Water Heater Installation/Repair",Tucson,AZ,1,2020-07-29 00:00:00,The repair did not fix the problem and they left a huge mess behind. It was a two story house in the foothills.,0,0,0,4.0,48
sample_rev_00651,sample_biz_023,Landscaping Pros 023 (SAMPLE),"Home Services, Landscaping, Tree Services",Tucson,AZ,1,2018-11-13 00:00:00,The unlicensed crew left the roof unsafe and water came through. It was a two story house in the foothills.,1,0,0,2.5,14
sample_rev_00253,sample_biz_008,Plumbing Pros 008 (SAMPLE),"Home Services, Plumbing, Water Heater Installation/Repair",Tucson,AZ,1,2020-08-10 00:00:00,We called them after seeing the listing online. The appointment was scheduled for a Tuesday morning. The project took forever and was weeks behind schedule.,0,0,1,3.0,60
sample_rev_00303,sample_biz_010,HVAC Pros 010 (SAMPLE),"Home Services, Heating & Air Conditioning/HVAC",Tucson,AZ,5,2020-02-17 00:00:00,"It was a two story house in the foothills. Very safe and careful, everything was done to code and permitted.",0,0,0,4.0,48
sample_rev_00896,sample_biz_031,Landscaping Pros 031 (SAMPLE),"Home Services, Landscaping, Tree Services",Tucson,AZ,5,2021-09-20 00:00:00,"Excellent communication, they called back within the hour. We have lived here for about six years. It was a two story house in the foothills. The work looks fantastic and they cleaned up completely. Quick response, quality work and a very reasonable estimate.",1,0,0,4.0,48
sample_rev_01026,sample_biz_035,Roofing Pros 035 (SAMPLE),"Home Services, Roofing, Contractors",Tucson,AZ,5,2021-05-15 00:00:00,"Very safe and careful, everything was done to code and permitted. They arrived on time and finished the job faster than expected. I will definitely use them again for the next project. The appointment was scheduled for a Tuesday morning.",1,0,0,4.5,60
sample_rev_00880,sample_biz_031,Landscaping Pros 031 (SAMPLE),"Home Services, Landscaping, Tree Services",Tucson,AZ,4,2020-10-18 00:00:00,"Very safe and careful, everything was done to code and permitted. We have lived here for about six years.",1,0,1,4.0,48
sample_rev_00571,sample_biz_019,Roofing Pros 019 (SAMPLE),"Home Services, Roofing, Contractors",Tucson,AZ,2,2022-01-09 00:00:00,"They were not late at all, which was a nice change. They honored the warranty without any hassle which I really appreciated. Great service from start to finish and I would recommend them to anyone.",0,0,0,3.0,60
sample_rev_00623,sample_biz_022,Home Pros 022 (SAMPLE),"Home Services, Home Cleaning, Carpet Cleaning",Tucson,AZ,5,2019-07-04 00:00:00,"Very safe and careful, everything was done to code and permitted.",5,0,0,3.5,30
sample_rev_00976,sample_biz_034,HVAC Pros 034 (SAMPLE),"Home Services, Heating & Air Conditioning/HVAC",Tucson,AZ,1,2020-02-18 00:00:00,Would not recommend. They showed up three hours late and then left early. The estimate visit took about thirty minutes. We have lived here for about six years. The repair did not fix the problem and they left a huge mess behind.,1,0,1,2.0,8
sample_rev_00990,sample_biz_035,Roofing Pros 035 (SAMPLE),"Home Services, Roofing, Contractors",Tucson,AZ,5,2017-02-10 00:00:00,"The technician was friendly, professional and explained everything clearly. I will definitely use them again for the next project.",2,0,0,4.5,60
sample_rev_00980,sample_biz_034,HVAC Pros 034 (SAMPLE),"Home Services, Heating & Air Conditioning/HVAC",Tucson,AZ,1,2020-10-09 00:00:00,"Constant delays, they rescheduled four times. Shoddy workmanship, I had to hire someone else to redo the whole job. It was a two story house in the foothills. The estimate visit took about thirty minutes.",0,0,0,2.0,8
sample_rev_00262,sample_biz_008,Plumbing Pros 008 (SAMPLE),"Home Services, Plumbing, Water Heater Installation/Repair",Tucson,AZ,4,2021-03-09 00:00:00,"Quick response, quality work and a very reasonable estimate. Great service from start to finish and I would recommend them to anyone. We have lived here for about six years. They honored the warranty without any hassle which I really appreciated. The estimate visit took about thirty minutes.",1,0,0,3.0,60
sample_rev_00610,sample_biz_021,General Pros 021 (SAMPLE),"Home Services, Contractors, Handyman",Tucson,AZ,1,2021-10-04 00:00:00,"They arrived on time and finished the job faster than expected. Very safe and careful, everything was done to code and permitted. I will definitely use them again for the next project.",0,0,0,3.0,36
sample_rev_00297,sample_biz_010,HVAC Pros 010 (SAMPLE),"Home Services, Heating & Air Conditioning/HVAC",Tucson,AZ,4,2019-01-01 00:00:00,"They honored the warranty without any hassle which I really appreciated. Excellent communication, they called back within the hour. We have lived here for about six years.",2,1,1,4.0,48
sample_rev_00414,sample_biz_015,Landscaping Pros 015 (SAMPLE),"Home Services, Landscaping, Tree Services",Tucson,AZ,1,2020-06-27 00:00:00,"The quote doubled once they started, classic bait and switch. Terrible attitude and a dirty truck full of garbage. The appointment was scheduled for a Tuesday morning. The estimate visit took about thirty minutes.",1,0,0,4.0,24
sample_rev_00150,sample_biz_005,General Pros 005 (SAMPLE),"Home Services, Contractors, Handyman",Tucson,AZ,1,2020-03-27 00:00:00,"The project took forever and was weeks behind schedule. I smelled a gas leak after they left and it was dangerous. Shoddy workmanship, I had to hire someone else to redo the whole job. The estimate visit took about thirty minutes.",0,0,0,2.5,48
sample_rev_00945,sample_biz_032,Plumbing Pros 032 (SAMPLE),"Home Services, Plumbing, Water Heater Installation/Repair",Tucson,AZ,5,2021-01-06 00:00:00,We have lived here for about six years. Fair price and no surprises on the final bill. The work looks fantastic and they cleaned up completely. I will definitely use them again for the next project.,1,0,0,4.0,60
sample_rev_00472,sample_biz_016,Plumbing Pros 016 (SAMPLE),"Home Services, Plumbing, Water Heater Installation/Repair",Tucson,AZ,5,2021-11-15 00:00:00,"The work looks fantastic and they cleaned up completely. No hidden fees, the quote matched the invoice exactly. Great service from start to finish and I would recommend them to anyone. We have lived here for about six years.",0,2,1,4.0,48
sample_rev_00952,sample_biz_032,Plumbing Pros 032 (SAMPLE),"Home Services, Plumbing, Water Heater Installation/Repair",Tucson,AZ,4,2021-07-03 00:00:00,"I waited all day and the technician arrived after dark. The quote doubled once they started, classic bait and switch. We called them after seeing the listing online.",2,0,0,4.0,60
sample_rev_00778,sample_biz_027,Roofing Pros 027 (SAMPLE),"Home Services, Roofing, Contractors",Tucson,AZ,1,2020-12-31 00:00:00,We called them after seeing the listing online. They left trash all over my yard and were disrespectful.,3,0,0,3.5,14
sample_rev_00640,sample_biz_022,Home Pros 022 (SAMPLE),"Home Services, Home Cleaning, Carpet Cleaning",Tucson,AZ,5,2021-05-26 00:00:00,"We have lived here for about six years. Very safe and careful, everything was done to code and permitted. He stayed on schedule and kept me updated by text.",1,0,0,3.5,30
sample_rev_01163,sample_biz_039,Landscaping Pros 039 (SAMPLE),"Home Services, Landscaping, Tree Services",Tucson,AZ,5,2021-02-11 00:00:00,Fair price and no surprises on the final bill. They honored the warranty without any hassle which I really appreciated.,4,1,0,3.5,30
sample_rev_01105,sample_biz_037,General Pros 037 (SAMPLE),"Home Services, Contractors, Handyman",Tucson,AZ,5,2021-07-27 00:00:00,"The technician was friendly, professional and explained everything clearly.",1,0,0,4.0,30
sample_rev_00550,sample_biz_019,Roofing Pros 019 (SAMPLE),"Home Services, Roofing, Contractors",Tucson,AZ,2,2020-11-11 00:00:00,"Very unprofessional, he was yelling at his helper in my driveway. The appointment was scheduled for a Tuesday morning.",0,1,0,3.0,60
sample_rev_00639,sample_biz_022,Home Pros 022 (SAMPLE),"Home Services, Home Cleaning, Carpet Cleaning",Tucson,AZ,1,2021-04-23 00:00:00,Completely unresponsive once they had my deposit. We called them after seeing the listing online.,2,0,1,3.5,30
sample_rev_00935,sample_biz_032,Plumbing Pros 032 (SAMPLE),"Home Services, Plumbing, Water Heater Installation/Repair",Tucson,AZ,5,2020-05-04 00:00:00,I will definitely use them again for the next project.,1,0,0,4.0,60
sample_rev_00928,sample_biz_032,Plumbing Pros 032 (SAMPLE),"Home Services, Plumbing, Water Heater Installation/Repair",Tucson,AZ,5,2019-12-22 00:00:00,"Great service from start to finish and I would recommend them to anyone. I will definitely use them again for the next project. Very safe and careful, everything was done to code and permitted. It was a two story house in the foothills.",0,0,0,4.0,60
sample_rev_00488,sample_biz_018,HVAC Pros 018 (SAMPLE),"Home Services, Heating & Air Conditioning/HVAC",Tucson,AZ,1,2016-01-02 00:00:00,Terrible attitude and a dirty truck full of garbage. The office ignored my messages and nobody returned my calls. He left the job unfinished and never came back. We called them after seeing the listing online. The appointment was scheduled for a Tuesday morning.,2,0,1,2.5,24
sample_rev_00819,sample_biz_029,General Pros 029 (SAMPLE),"Home Services, Contractors, Handyman",Tucson,AZ,2,2020-11-21 00:00:00,Completely unresponsive once they had my deposit. Would not recommend. The appointment was scheduled for a Tuesday morning. The repair did not fix the problem and they left a huge mess behind.,0,0,0,2.5,8
sample_rev_00710,sample_biz_026,HVAC Pros 026 (SAMPLE),"Home Services, Heating & Air Conditioning/HVAC",Tucson,AZ,1,2015-10-24 00:00:00,The appointment was scheduled for a Tuesday morning. They never showed up and did not even call to cancel. None of it was up to code and they did the work with no permit.,1,1,0,3.0,60
sample_rev_01077,sample_biz_036,Movers Pros 036 (SAMPLE),"Home Services, Movers, Packing Services",Tucson,AZ,1,2022-01-16 00:00:00,"Hidden fees everywhere, it felt like a complete rip off. We have lived here for about six years. Would not recommend.",0,0,1,4.0,36
sample_rev_00147,sample_biz_005,General Pros 005 (SAMPLE),"Home Services, Contractors, Handyman",Tucson,AZ,5,2019-05-25 00:00:00,"I will definitely use them again for the next project. Quick response, quality work and a very reasonable estimate. The appointment was scheduled for a Tuesday morning. They arrived on time and finished the job faster than expected. The estimate visit took about thirty minutes.",0,0,0,2.5,48
sample_rev_00146,sample_biz_005,General Pros 005 (SAMPLE),"Home Services, Contractors, Handyman",Tucson,AZ,5,2019-05-23 00:00:00,The work looks fantastic and they cleaned up completely. The estimate visit took about thirty minutes. We called them after seeing the listing online.,0,0,0,2.5,48
sample_rev_00992,sample_biz_035,Roofing Pros 035 (SAMPLE),"Home Services, Roofing, Contractors",Tucson,AZ,5,2017-06-06 00:00:00,"I will definitely use them again for the next project. We have lived here for about six years. Very safe and careful, everything was done to code and permitted. They honored the warranty without any hassle which I really appreciated. He stayed on schedule and kept me updated by text.",1,0,1,4.5,60
sample_rev_00962,sample_biz_033,Electricians Pros 033 (SAMPLE),"Home Services, Electricians, Lighting Fixtures & Equipment",Tucson,AZ,5,2018-08-17 00:00:00,"The work looks fantastic and they cleaned up completely. Fair price and no surprises on the final bill. No hidden fees, the quote matched the invoice exactly. Quick response, quality work and a very reasonable estimate. The appointment was scheduled for a Tuesday morning.",0,1,0,3.5,14
sample_rev_00345,sample_biz_011,Roofing Pros 011 (SAMPLE),"Home Services, Roofing, Contractors",Tucson,AZ,1,2021-03-05 00:00:00,They never called back despite five voicemails. After two missed appointments I gave up on them. The appointment was scheduled for a Tuesday morning.,0,1,0,3.0,24
sample_rev_01084,sample_biz_037,General Pros 037 (SAMPLE),"Home Services, Contractors, Handyman",Tucson,AZ,4,2018-09-03 00:00:00,"Fair price and no surprises on the final bill. They arrived on time and finished the job faster than expected. Quick response, quality work and a very reasonable estimate.",1,0,1,4.0,30
sample_rev_00931,sample_biz_032,Plumbing Pros 032 (SAMPLE),"Home Services, Plumbing, Water Heater Installation/Repair",Tucson,AZ,5,2020-02-16 00:00:00,"They honored the warranty without any hassle which I really appreciated. No hidden fees, the quote matched the invoice exactly. I will definitely use them again for the next project.",1,0,0,4.0,60
sample_rev_00954,sample_biz_032,Plumbing Pros 032 (SAMPLE),"Home Services, Plumbing, Water Heater Installation/Repair",Tucson,AZ,5,2021-09-27 00:00:00,"The appointment was scheduled for a Tuesday morning. Fair price and no surprises on the final bill. The estimate visit took about thirty minutes. The technician was friendly, professional and explained everything clearly.",0,0,0,4.0,60
sample_rev_01100,sample_biz_037,General Pros 037 (SAMPLE),"Home Services, Contractors, Handyman",Tucson,AZ,1,2021-05-02 00:00:00,It was a two story house in the foothills. They refused to honor the warranty when it broke a week later.,0,1,0,4.0,30
sample_rev_00659,sample_biz_023,Landscaping Pros 023 (SAMPLE),"Home Services, Landscaping, Tree Services",Tucson,AZ,2,2021-09-01 00:00:00,We called them after seeing the listing online. The technician was rude and dismissive when I asked questions.,0,0,0,2.5,14
sample_rev_00770,sample_biz_027,Roofing Pros 027 (SAMPLE),"Home Services, Roofing, Contractors",Tucson,AZ,1,2017-08-31 00:00:00,They overcharged me and the final bill was $600 more than quoted. The appointment was scheduled for a Tuesday morning.,0,0,1,3.5,14
sample_rev_00348,sample_biz_011,Roofing Pros 011 (SAMPLE),"Home Services, Roofing, Contractors",Tucson,AZ,4,2021-03-26 00:00:00,"They were not late at all, which was a nice change. Quick response, quality work and a very reasonable estimate. The appointment was scheduled for a Tuesday morning.",1,0,0,3.0,24
sample_rev_00463,sample_biz_016,Plumbing Pros 016 (SAMPLE),"Home Services, Plumbing, Water Heater Installation/Repair",Tucson,AZ,2,2021-05-04 00:00:00,He left the job unfinished and never came back. We called them after seeing the listing online. It was a two story house in the foothills.,0,0,0,4.0,48
sample_rev_00325,sample_biz_010,HVAC Pros 010 (SAMPLE),"Home Services, Heating & Air Conditioning/HVAC",Tucson,AZ,5,2021-08-31 00:00:00,"Very safe and careful, everything was done to code and permitted. Fair price and no surprises on the final bill.",0,0,0,4.0,48
sample_rev_00186,sample_biz_006,Home Pros 006 (SAMPLE),"Home Services, Home Cleaning, Carpet Cleaning",Tucson,AZ,2,2018-12-23 00:00:00,Zero communication and no response to my emails. The estimate visit took about thirty minutes. We have lived here for about six years.,1,0,0,2.5,24
sample_rev_00123,sample_biz_004,Movers Pros 004 (SAMPLE),"Home Services, Movers, Packing Services",Tucson,AZ,2,2020-09-28 00:00:00,"The appointment was scheduled for a Tuesday morning. Hidden fees everywhere, it felt like a complete rip off.",3,0,0,2.5,14
sample_rev_01080,sample_biz_037,General Pros 037 (SAMPLE),"Home Services, Contractors, Handyman",Tucson,AZ,5,2017-08-02 00:00:00,Great service from start to finish and I would recommend them to anyone. I will definitely use them again for the next project. We have lived here for about six years. We called them after seeing the listing online.,0,0,0,4.0,30
sample_rev_00608,sample_biz_021,General Pros 021 (SAMPLE),"Home Services, Contractors, Handyman",Tucson,AZ,2,2021-05-27 00:00:00,I waited all day and the technician arrived after dark. We have lived here for about six years.,0,0,0,3.0,36
sample_rev_00143,sample_biz_005,General Pros 005 (SAMPLE),"Home Services, Contractors, Handyman",Tucson,AZ,2,2018-12-18 00:00:00,The appointment was scheduled for a Tuesday morning. The repair did not fix the problem and they left a huge mess behind. I waited all day and the technician arrived after dark.,0,0,0,2.5,48
sample_rev_00751,sample_biz_026,HVAC Pros 026 (SAMPLE),"Home Services, Heating & Air Conditioning/HVAC",Tucson,AZ,5,2020-11-15 00:00:00,"The appointment was scheduled for a Tuesday morning. We called them after seeing the listing online. They honored the warranty without any hassle which I really appreciated. Very safe and careful, everything was done to code and permitted.",2,0,1,3.0,60
sample_rev_01148,sample_biz_039,Landscaping Pros 039 (SAMPLE),"Home Services, Landscaping, Tree Services",Tucson,AZ,4,2018-01-11 00:00:00,It was a two story house in the foothills. They honored the warranty without any hassle which I really appreciated. The work looks fantastic and they cleaned up completely.,0,0,0,3.5,30
sample_rev_00906,sample_biz_032,Plumbing Pros 032 (SAMPLE),"Home Services, Plumbing, Water Heater Installation/Repair",Tucson,AZ,4,2017-08-26 00:00:00,Great service from start to finish and I would recommend them to anyone. It was a two story house in the foothills. I will definitely use them again for the next project.,1,0,0,4.0,60
sample_rev_00981,sample_biz_034,HVAC Pros 034 (SAMPLE),"Home Services, Heating & Air Conditioning/HVAC",Tucson,AZ,1,2020-12-22 00:00:00,"The estimate visit took about thirty minutes. Constant delays, they rescheduled four times. It was a two story house in the foothills. They botched the install and the finish is crooked and cracked.",1,1,0,2.0,8
sample_rev_00197,sample_biz_006,Home Pros 006 (SAMPLE),"Home Services, Home Cleaning, Carpet Cleaning",Tucson,AZ,2,2021-04-01 00:00:00,Zero communication and no response to my emails. The appointment was scheduled for a Tuesday morning.,0,0,1,2.5,24
sample_rev_00609,sample_biz_021,General Pros 021 (SAMPLE),"Home Services, Contractors, Handyman",Tucson,AZ,1,2021-09-20 00:00:00,I waited all day and the technician arrived after dark. The estimate visit took about thirty minutes.,1,0,0,3.0,36
sample_rev_00883,sample_biz_031,Landscaping Pros 031 (SAMPLE),"Home Services, Landscaping, Tree Services",Tucson,AZ,5,2020-11-18 00:00:00,"The work looks fantastic and they cleaned up completely. They were not late at all, which was a nice change.",0,0,0,4.0,48
sample_rev_00836,sample_biz_030,Home Pros 030 (SAMPLE),"Home Services, Home Cleaning, Carpet Cleaning",Tucson,AZ,1,2020-05-27 00:00:00,"We have lived here for about six years. Very unprofessional, he was yelling at his helper in my driveway.",0,1,0,2.5,30
sample_rev_00279,sample_biz_009,Electricians Pros 009 (SAMPLE),"Home Services, Electricians, Lighting Fixtures & Equipment",Tucson,AZ,5,2020-12-02 00:00:00,"We called them after seeing the listing online. Excellent communication, they called back within the hour. It was a two story house in the foothills.",0,0,0,3.0,8
sample_rev_00293,sample_biz_010,HVAC Pros 010 (SAMPLE),"Home Services, Heating & Air Conditioning/HVAC",Tucson,AZ,3,2018-03-20 00:00:00,"We called them after seeing the listing online. They were a little late but the quality of the repair was good. Hidden fees everywhere, it felt like a complete rip off.",0,0,0,4.0,48
sample_rev_01096,sample_biz_037,General Pros 037 (SAMPLE),"Home Services, Contractors, Handyman",Tucson,AZ,4,2020-10-08 00:00:00,We have lived here for about six years. After two missed appointments I gave up on them. The appointment was scheduled for a Tuesday morning.,2,0,0,4.0,30
sample_rev_00400,sample_biz_014,Home Pros 014 (SAMPLE),"Home Services, Home Cleaning, Carpet Cleaning",Tucson,AZ,5,2022-01-10 00:00:00,"The estimate visit took about thirty minutes. Great service from start to finish and I would recommend them to anyone. Excellent communication, they called back within the hour.",1,0,1,4.5,30
sample_rev_00122,sample_biz_004,Movers Pros 004 (SAMPLE),"Home Services, Movers, Packing Services",Tucson,AZ,3,2020-01-13 00:00:00,The work itself was decent but the communication could have been better. We called them after seeing the listing online. They never showed up and did not even call to cancel.,1,0,0,2.5,14
sample_rev_00183,sample_biz_006,Home Pros 006 (SAMPLE),"Home Services, Home Cleaning, Carpet Cleaning",Tucson,AZ,5,2018-09-11 00:00:00,"Very safe and careful, everything was done to code and permitted.",2,0,0,2.5,24
sample_rev_00202,sample_biz_007,Landscaping Pros 007 (SAMPLE),"Home Services, Landscaping, Tree Services",Tucson,AZ,4,2016-01-29 00:00:00,"We have lived here for about six years. Excellent communication, they called back within the hour.",3,0,0,4.5,14
sample_rev_00438,sample_biz_016,Plumbing Pros 016 (SAMPLE),"Home Services, Plumbing, Water Heater Installation/Repair",Tucson,AZ,4,2018-12-03 00:00:00,I asked for a refund under the guarantee and was told no. We called them after seeing the listing online. The appointment was scheduled for a Tuesday morning.,0,0,0,4.0,48
sample_rev_00835,sample_biz_030,Home Pros 030 (SAMPLE),"Home Services, Home Cleaning, Carpet Cleaning",Tucson,AZ,3,2020-03-31 00:00:00,"Quick response, quality work and a very reasonable estimate. They were a little late but the quality of the repair was good. The estimate visit took about thirty minutes.",1,0,0,2.5,30
sample_rev_00246,sample_biz_008,Plumbing Pros 008 (SAMPLE),"Home Services, Plumbing, Water Heater Installation/Repair",Tucson,AZ,1,2020-01-23 00:00:00,We called them after seeing the listing online. They showed up three hours late and then left early. The work was sloppy and the pipe is still leaking again after they left.,1,0,0,3.0,60
sample_rev_00415,sample_biz_015,Landscaping Pros 015 (SAMPLE),"Home Services, Landscaping, Tree Services",Tucson,AZ,2,2020-07-11 00:00:00,Terrible attitude and a dirty truck full of garbage. It was a two story house in the foothills. The crew was a no show on the day of the appointment. The appointment was scheduled for a Tuesday morning.,0,0,0,4.0,24
sample_rev_01036,sample_biz_035,Roofing Pros 035 (SAMPLE),"Home Services, Roofing, Contractors",Tucson,AZ,5,2021-11-07 00:00:00,We called them after seeing the listing online. We have lived here for about six years. I will definitely use them again for the next project.,2,0,0,4.5,60
sample_rev_00671,sample_biz_024,Plumbing Pros 024 (SAMPLE),"Home Services, Plumbing, Water Heater Installation/Repair",Tucson,AZ,1,2020-01-06 00:00:00,"The estimate visit took about thirty minutes. Very unprofessional, he was yelling at his helper in my driveway. I waited all day and the technician arrived after dark.",2,1,0,2.5,36
sample_rev_01115,sample_biz_038,Home Pros 038 (SAMPLE),"Home Services, Home Cleaning, Carpet Cleaning",Tucson,AZ,5,2019-03-13 00:00:00,We have lived here for about six years. They arrived on time and finished the job faster than expected. Great service from start to finish and I would recommend them to anyone.,2,1,0,4.0,36
sample_rev_01033,sample_biz_035,Roofing Pros 035 (SAMPLE),"Home Services, Roofing, Contractors",Tucson,AZ,5,2021-08-19 00:00:00,"No hidden fees, the quote matched the invoice exactly. The appointment was scheduled for a Tuesday morning. They arrived on time and finished the job faster than expected. The estimate visit took about thirty minutes.",1,1,0,4.5,60
sample_rev_00052,sample_biz_001,Electricians Pros 001 (SAMPLE),"Home Services, Electricians, Lighting Fixtures & Equipment",Tucson,AZ,5,2020-12-01 00:00:00,We have lived here for about six years. I smelled a gas leak after they left and it was dangerous.,1,0,0,3.5,48
sample_rev_00129,sample_biz_004,Movers Pros 004 (SAMPLE),"Home Services, Movers, Packing Services",Tucson,AZ,1,2021-10-28 00:00:00,"We called them after seeing the listing online. We have lived here for about six years. Exposed wires and sparks from the panel, a real fire hazard.",2,1,0,2.5,14
sample_rev_00637,sample_biz_022,Home Pros 022 (SAMPLE),"Home Services, Home Cleaning, Carpet Cleaning",Tucson,AZ,5,2021-02-17 00:00:00,They arrived on time and finished the job faster than expected. We have lived here for about six years. The appointment was scheduled for a Tuesday morning.,0,0,0,3.5,30
sample_rev_00402,sample_biz_015,Landscaping Pros 015 (SAMPLE),"Home Services, Landscaping, Tree Services",Tucson,AZ,4,2017-08-05 00:00:00,"Quick response, quality work and a very reasonable estimate. It was a two story house in the foothills. Excellent communication, they called back within the hour. I will definitely use them again for the next project.",0,0,1,4.0,24
sample_rev_00384,sample_biz_014,Home Pros 014 (SAMPLE),"Home Services, Home Cleaning, Carpet Cleaning",Tucson,AZ,5,2019-11-15 00:00:00,"They arrived on time and finished the job faster than expected. Very safe and careful, everything was done to code and permitted.",0,0,0,4.5,30
sample_rev_00224,sample_biz_008,Plumbing Pros 008 (SAMPLE),"Home Services, Plumbing, Water Heater Installation/Repair",Tucson,AZ,3,2017-11-11 00:00:00,"The estimate visit took about thirty minutes. After two missed appointments I gave up on them. Good crew overall, although the price was a bit higher than I expected.",0,0,2,3.0,60
sample_rev_00735,sample_biz_026,HVAC Pros 026 (SAMPLE),"Home Services, Heating & Air Conditioning/HVAC",Tucson,AZ,1,2019-12-15 00:00:00,I will definitely use them again for the next project. The work looks fantastic and they cleaned up completely. Fair price and no surprises on the final bill.,2,0,0,3.0,60
sample_rev_00996,sample_biz_035,Roofing Pros 035 (SAMPLE),"Home Services, Roofing, Contractors",Tucson,AZ,5,2018-03-09 00:00:00,The appointment was scheduled for a Tuesday morning. Great service from start to finish and I would recommend them to anyone.,1,0,4,4.5,60
sample_rev_00854,sample_biz_031,Landscaping Pros 031 (SAMPLE),"Home Services, Landscaping, Tree Services",Tucson,AZ,2,2016-07-18 00:00:00,We called them after seeing the listing online. They overcharged me and the final bill was $600 more than quoted.,0,0,0,4.0,48
sample_rev_01118,sample_biz_038,Home Pros 038 (SAMPLE),"Home Services, Home Cleaning, Carpet Cleaning",Tucson,AZ,3,2019-07-24 00:00:00,I will definitely use them again for the next project. They were a little late but the quality of the repair was good. The appointment was scheduled for a Tuesday morning.,0,1,0,4.0,36
sample_rev_00219,sample_biz_008,Plumbing Pros 008 (SAMPLE),"Home Services, Plumbing, Water Heater Installation/Repair",Tucson,AZ,5,2017-04-26 00:00:00,They arrived on time and finished the job faster than expected. They honored the warranty without any hassle which I really appreciated. The appointment was scheduled for a Tuesday morning.,1,0,0,3.0,60
sample_rev_00641,sample_biz_022,Home Pros 022 (SAMPLE),"Home Services, Home Cleaning, Carpet Cleaning",Tucson,AZ,5,2021-06-15 00:00:00,The work looks fantastic and they cleaned up completely. He stayed on schedule and kept me updated by text.,1,0,0,3.5,30
sample_rev_00001,sample_biz_000,Plumbing Pros 000 (SAMPLE),"Home Services, Plumbing, Water Heater Installation/Repair",Tucson,AZ,5,2017-10-24 00:00:00,"We called them after seeing the listing online. The technician was friendly, professional and explained everything clearly.",2,0,0,3.5,24
sample_rev_00112,sample_biz_003,Roofing Pros 003 (SAMPLE),"Home Services, Roofing, Contractors",Tucson,AZ,5,2019-05-19 00:00:00,"It was a two story house in the foothills. They arrived on time and finished the job faster than expected. The technician was friendly, professional and explained everything clearly. We called them after seeing the listing online.",0,0,1,4.5,8
sample_rev_00698,sample_biz_025,Electricians Pros 025 (SAMPLE),"Home Services, Electricians, Lighting Fixtures & Equipment",Tucson,AZ,4,2018-08-24 00:00:00,"Excellent communication, they called back within the hour. It was a two story house in the foothills.",1,0,0,3.5,14
sample_rev_00951,sample_biz_032,Plumbing Pros 032 (SAMPLE),"Home Services, Plumbing, Water Heater Installation/Repair",Tucson,AZ,1,2021-06-21 00:00:00,They honored the warranty without any hassle which I really appreciated.,1,0,0,4.0,60
sample_rev_01054,sample_biz_036,Movers Pros 036 (SAMPLE),"Home Services, Movers, Packing Services",Tucson,AZ,5,2018-06-26 00:00:00,"Very safe and careful, everything was done to code and permitted. They gave a lifetime warranty on the parts. The estimate visit took about thirty minutes. We called them after seeing the listing online.",2,0,0,4.0,36
sample_rev_00441,sample_biz_016,Plumbing Pros 016 (SAMPLE),"Home Services, Plumbing, Water Heater Installation/Repair",Tucson,AZ,5,2019-04-30 00:00:00,"The estimate visit took about thirty minutes. Fair price and no surprises on the final bill. Excellent communication, they called back within the hour. We called them after seeing the listing online.",1,1,0,4.0,48
sample_rev_00663,sample_biz_024,Plumbing Pros 024 (SAMPLE),"Home Services, Plumbing, Water Heater Installation/Repair",Tucson,AZ,5,2018-01-07 00:00:00,"The appointment was scheduled for a Tuesday morning. Terrible attitude and a dirty truck full of garbage. We have lived here for about six years. Constant delays, they rescheduled four times.",1,0,1,2.5,36
sample_rev_01103,sample_biz_037,General Pros 037 (SAMPLE),"Home Services, Contractors, Handyman",Tucson,AZ,5,2021-06-28 00:00:00,He stayed on schedule and kept me updated by text. We called them after seeing the listing online. Fair price and no surprises on the final bill.,0,1,0,4.0,30
sample_rev_00317,sample_biz_010,HVAC Pros 010 (SAMPLE),"Home Services, Heating & Air Conditioning/HVAC",Tucson,AZ,2,2021-06-06 00:00:00,"We have lived here for about six years. Constant delays, they rescheduled four times.",1,0,0,4.0,48
sample_rev_00648,sample_biz_023,Landscaping Pros 023 (SAMPLE),"Home Services, Landscaping, Tree Services",Tucson,AZ,3,2017-01-15 00:00:00,"Quick response, quality work and a very reasonable estimate. Good crew overall, although the price was a bit higher than I expected. We called them after seeing the listing online.",0,0,0,2.5,14
sample_rev_00709,sample_biz_025,Electricians Pros 025 (SAMPLE),"Home Services, Electricians, Lighting Fixtures & Equipment",Tucson,AZ,4,2022-01-15 00:00:00,"Quick response, quality work and a very reasonable estimate. We have lived here for about six years. The appointment was scheduled for a Tuesday morning.",0,0,1,3.5,14
sample_rev_00972,sample_biz_033,Electricians Pros 033 (SAMPLE),"Home Services, Electricians, Lighting Fixtures & Equipment",Tucson,AZ,1,2021-04-12 00:00:00,The estimate visit took about thirty minutes. We have lived here for about six years. After two missed appointments I gave up on them. The office ignored my messages and nobody returned my calls.,0,1,0,3.5,14
sample_rev_00627,sample_biz_022,Home Pros 022 (SAMPLE),"Home Services, Home Cleaning, Carpet Cleaning",Tucson,AZ,1,2019-11-30 00:00:00,We called them after seeing the listing online. The appointment was scheduled for a Tuesday morning. The unlicensed crew left the roof unsafe and water came through.,0,0,1,3.5,30
sample_rev_00632,sample_biz_022,Home Pros 022 (SAMPLE),"Home Services, Home Cleaning, Carpet Cleaning",Tucson,AZ,5,2020-08-09 00:00:00,"We called them after seeing the listing online. Very safe and careful, everything was done to code and permitted. They arrived on time and finished the job faster than expected. Fair price and no surprises on the final bill. The appointment was scheduled for a Tuesday morning.",2,0,0,3.5,30
sample_rev_01145,sample_biz_039,Landscaping Pros 039 (SAMPLE),"Home Services, Landscaping, Tree Services",Tucson,AZ,3,2017-01-27 00:00:00,"It was a two story house in the foothills. Good crew overall, although the price was a bit higher than I expected. Shoddy workmanship, I had to hire someone else to redo the whole job.",0,0,0,3.5,30
sample_rev_00795,sample_biz_028,Movers Pros 028 (SAMPLE),"Home Services, Movers, Packing Services",Tucson,AZ,4,2020-04-30 00:00:00,Great service from start to finish and I would recommend them to anyone. It was a two story house in the foothills. They arrived on time and finished the job faster than expected. The estimate visit took about thirty minutes.,3,0,0,3.5,30
sample_rev_00645,sample_biz_022,Home Pros 022 (SAMPLE),"Home Services, Home Cleaning, Carpet Cleaning",Tucson,AZ,5,2022-01-01 00:00:00,"Very safe and careful, everything was done to code and permitted. They arrived on time and finished the job faster than expected. The estimate visit took about thirty minutes. It was a two story house in the foothills. The work looks fantastic and they cleaned up completely.",1,0,0,3.5,30
sample_rev_01012,sample_biz_035,Roofing Pros 035 (SAMPLE),"Home Services, Roofing, Contractors",Tucson,AZ,5,2020-03-13 00:00:00,"The estimate visit took about thirty minutes. The work looks fantastic and they cleaned up completely. The technician was friendly, professional and explained everything clearly. Excellent communication, they called back within the hour.",1,0,0,4.5,60
sample_rev_00556,sample_biz_019,Roofing Pros 019 (SAMPLE),"Home Services, Roofing, Contractors",Tucson,AZ,5,2021-01-28 00:00:00,The estimate visit took about thirty minutes. We have lived here for about six years. They honored the warranty without any hassle which I really appreciated. They arrived on time and finished the job faster than expected. The work looks fantastic and they cleaned up completely.,0,0,0,3.0,60
sample_rev_00681,sample_biz_024,Plumbing Pros 024 (SAMPLE),"Home Services, Plumbing, Water Heater Installation/Repair",Tucson,AZ,5,2021-02-28 00:00:00,"Very unprofessional, he was yelling at his helper in my driveway. I waited all day and the technician arrived after dark. The appointment was scheduled for a Tuesday morning.",2,0,0,2.5,36
sample_rev_00577,sample_biz_020,Movers Pros 020 (SAMPLE),"Home Services, Movers, Packing Services",Tucson,AZ,4,2021-07-10 00:00:00,"The technician was friendly, professional and explained everything clearly. Quick response, quality work and a very reasonable estimate.",1,0,0,3.0,8
sample_rev_00524,sample_biz_019,Roofing Pros 019 (SAMPLE),"Home Services, Roofing, Contractors",Tucson,AZ,2,2019-01-06 00:00:00,Would not recommend. We called them after seeing the listing online. It was a two story house in the foothills. I waited all day and the technician arrived after dark.,2,0,1,3.0,60
sample_rev_00540,sample_biz_019,Roofing Pros 019 (SAMPLE),"Home Services, Roofing, Contractors",Tucson,AZ,1,2020-02-13 00:00:00,They botched the install and the finish is crooked and cracked. We called them after seeing the listing online.,0,0,0,3.0,60
sample_rev_00748,sample_biz_026,HVAC Pros 026 (SAMPLE),"Home Services, Heating & Air Conditioning/HVAC",Tucson,AZ,1,2020-09-05 00:00:00,After two missed appointments I gave up on them. We called them after seeing the listing online.,1,0,1,3.0,60
sample_rev_01085,sample_biz_037,General Pros 037 (SAMPLE),"Home Services, Contractors, Handyman",Tucson,AZ,5,2018-12-13 00:00:00,"The appointment was scheduled for a Tuesday morning. It was a two story house in the foothills. Excellent communication, they called back within the hour.",1,0,0,4.0,30
sample_rev_00484,sample_biz_017,Electricians Pros 017 (SAMPLE),"Home Services, Electricians, Lighting Fixtures & Equipment",Tucson,AZ,5,2021-10-18 00:00:00,"The technician was friendly, professional and explained everything clearly. They honored the warranty without any hassle which I really appreciated. The appointment was scheduled for a Tuesday morning. I will definitely use them again for the next project.",0,0,0,4.5,14
sample_rev_00095,sample_biz_002,HVAC Pros 002 (SAMPLE),"Home Services, Heating & Air Conditioning/HVAC",Tucson,AZ,3,2020-10-18 00:00:00,We have lived here for about six years. The work itself was decent but the communication could have been better. They honored the warranty without any hassle which I really appreciated.,1,0,0,4.5,36
sample_rev_01020,sample_biz_035,Roofing Pros 035 (SAMPLE),"Home Services, Roofing, Contractors",Tucson,AZ,4,2020-10-14 00:00:00,"They were not late at all, which was a nice change. I will definitely use them again for the next project. The technician was friendly, professional and explained everything clearly.",1,0,1,4.5,60
sample_rev_00563,sample_biz_019,Roofing Pros 019 (SAMPLE),"Home Services, Roofing, Contractors",Tucson,AZ,2,2021-08-03 00:00:00,The estimate visit took about thirty minutes. Would not recommend. He left the job unfinished and never came back.,0,1,1,3.0,60
sample_rev_00742,sample_biz_026,HVAC Pros 026 (SAMPLE),"Home Services, Heating & Air Conditioning/HVAC",Tucson,AZ,5,2020-03-24 00:00:00,"Quick response, quality work and a very reasonable estimate. Very safe and careful, everything was done to code and permitted.",1,0,0,3.0,60
sample_rev_00863,sample_biz_031,Landscaping Pros 031 (SAMPLE),"Home Services, Landscaping, Tree Services",Tucson,AZ,5,2018-09-30 00:00:00,"Excellent communication, they called back within the hour. The appointment was scheduled for a Tuesday morning. We called them after seeing the listing online. They honored the warranty without any hassle which I really appreciated.",2,0,0,4.0,48
sample_rev_00891,sample_biz_031,Landscaping Pros 031 (SAMPLE),"Home Services, Landscaping, Tree Services",Tucson,AZ,4,2021-03-20 00:00:00,Fair price and no surprises on the final bill. They honored the warranty without any hassle which I really appreciated. They gave a lifetime warranty on the parts.,1,0,0,4.0,48
sample_rev_01038,sample_biz_035,Roofing Pros 035 (SAMPLE),"Home Services, Roofing, Contractors",Tucson,AZ,3,2021-11-27 00:00:00,"After two missed appointments I gave up on them. It was a two story house in the foothills. Good crew overall, although the price was a bit higher than I expected.",1,0,0,4.5,60
sample_rev_00206,sample_biz_007,Landscaping Pros 007 (SAMPLE),"Home Services, Landscaping, Tree Services",Tucson,AZ,4,2018-09-02 00:00:00,"They arrived on time and finished the job faster than expected. We have lived here for about six years. Excellent communication, they called back within the hour. The work looks fantastic and they cleaned up completely. It was a two story house in the foothills.",0,0,0,4.5,14
sample_rev_00392,sample_biz_014,Home Pros 014 (SAMPLE),"Home Services, Home Cleaning, Carpet Cleaning",Tucson,AZ,1,2021-02-12 00:00:00,"We have lived here for about six years. The appointment was scheduled for a Tuesday morning. Hidden fees everywhere, it felt like a complete rip off.",0,0,0,4.5,30
sample_rev_00794,sample_biz_028,Movers Pros 028 (SAMPLE),"Home Services, Movers, Packing Services",Tucson,AZ,5,2020-02-26 00:00:00,We called them after seeing the listing online. He stayed on schedule and kept me updated by text. They honored the warranty without any hassle which I really appreciated.,0,0,0,3.5,30
sample_rev_00870,sample_biz_031,Landscaping Pros 031 (SAMPLE),"Home Services, Landscaping, Tree Services",Tucson,AZ,5,2019-10-17 00:00:00,"Quick response, quality work and a very reasonable estimate. They were not late at all, which was a nice change. They arrived on time and finished the job faster than expected. Excellent communication, they called back within the hour. It was a two story house in the foothills.",3,0,1,4.0,48
sample_rev_00397,sample_biz_014,Home Pros 014 (SAMPLE),"Home Services, Home Cleaning, Carpet Cleaning",Tucson,AZ,4,2021-11-18 00:00:00,"Quick response, quality work and a very reasonable estimate. Very safe and careful, everything was done to code and permitted. The appointment was scheduled for a Tuesday morning.",0,0,0,4.5,30
sample_rev_00766,sample_biz_026,HVAC Pros 026 (SAMPLE),"Home Services, Heating & Air Conditioning/HVAC",Tucson,AZ,1,2021-11-25 00:00:00,The estimate visit took about thirty minutes. We called them after seeing the listing online. After two missed appointments I gave up on them.,0,0,0,3.0,60
sample_rev_01075,sample_biz_036,Movers Pros 036 (SAMPLE),"Home Services, Movers, Packing Services",Tucson,AZ,5,2021-08-25 00:00:00,"Fair price and no surprises on the final bill. We have lived here for about six years. The work looks fantastic and they cleaned up completely. The technician was friendly, professional and explained everything clearly.",0,0,0,4.0,36
sample_rev_01028,sample_biz_035,Roofing Pros 035 (SAMPLE),"Home Services, Roofing, Contractors",Tucson,AZ,5,2021-06-19 00:00:00,"They arrived on time and finished the job faster than expected. Very safe and careful, everything was done to code and permitted. The appointment was scheduled for a Tuesday morning. Great service from start to finish and I would recommend them to anyone. We have lived here for about six years.",1,1,0,4.5,60
sample_rev_00642,sample_biz_022,Home Pros 022 (SAMPLE),"Home Services, Home Cleaning, Carpet Cleaning",Tucson,AZ,2,2021-10-10 00:00:00,They showed up three hours late and then left early. We have lived here for about six years. The appointment was scheduled for a Tuesday morning.,0,0,0,3.5,30
sample_rev_00612,sample_biz_021,General Pros 021 (SAMPLE),"Home Services, Contractors, Handyman",Tucson,AZ,2,2021-10-31 00:00:00,The appointment was scheduled for a Tuesday morning. It was a two story house in the foothills. Would not recommend. Terrible attitude and a dirty truck full of garbage. The project took forever and was weeks behind schedule.,0,0,0,3.0,36
sample_rev_00960,sample_biz_033,Electricians Pros 033 (SAMPLE),"Home Services, Electricians, Lighting Fixtures & Equipment",Tucson,AZ,5,2016-09-16 00:00:00,"The technician was friendly, professional and explained everything clearly. They gave a lifetime warranty on the parts. They honored the warranty without any hassle which I really appreciated. It was a two story house in the foothills.",0,0,0,3.5,14
sample_rev_00725,sample_biz_026,HVAC Pros 026 (SAMPLE),"Home Services, Heating & Air Conditioning/HVAC",Tucson,AZ,1,2018-10-29 00:00:00,The crew was a no show on the day of the appointment. The appointment was scheduled for a Tuesday morning. We called them after seeing the listing online.,1,0,2,3.0,60
sample_rev_00683,sample_biz_024,Plumbing Pros 024 (SAMPLE),"Home Services, Plumbing, Water Heater Installation/Repair",Tucson,AZ,1,2021-05-22 00:00:00,"Very unprofessional, he was yelling at his helper in my driveway. It was a two story house in the foothills. They showed up three hours late and then left early. The appointment was scheduled for a Tuesday morning.",0,0,0,2.5,36
sample_rev_00098,sample_biz_002,HVAC Pros 002 (SAMPLE),"Home Services, Heating & Air Conditioning/HVAC",Tucson,AZ,4,2021-03-07 00:00:00,"Excellent communication, they called back within the hour. The work looks fantastic and they cleaned up completely.",0,0,1,4.5,36
sample_rev_00804,sample_biz_028,Movers Pros 028 (SAMPLE),"Home Services, Movers, Packing Services",Tucson,AZ,1,2021-04-06 00:00:00,Would not recommend. He left the job unfinished and never came back. It was a two story house in the foothills. Zero communication and no response to my emails.,2,0,0,3.5,30
sample_rev_00406,sample_biz_015,Landscaping Pros 015 (SAMPLE),"Home Services, Landscaping, Tree Services",Tucson,AZ,4,2019-06-09 00:00:00,"We have lived here for about six years. The technician was friendly, professional and explained everything clearly. It was a two story house in the foothills.",1,0,0,4.0,24
sample_rev_00502,sample_biz_018,HVAC Pros 018 (SAMPLE),"Home Services, Heating & Air Conditioning/HVAC",Tucson,AZ,1,2020-04-02 00:00:00,The estimate visit took about thirty minutes. They never called back despite five voicemails. They never showed up and did not even call to cancel. We have lived here for about six years.,0,0,0,2.5,24
sample_rev_01071,sample_biz_036,Movers Pros 036 (SAMPLE),"Home Services, Movers, Packing Services",Tucson,AZ,1,2021-02-21 00:00:00,"The estimate visit took about thirty minutes. Constant delays, they rescheduled four times. It was a two story house in the foothills.",1,1,0,4.0,36
sample_rev_01056,sample_biz_036,Movers Pros 036 (SAMPLE),"Home Services, Movers, Packing Services",Tucson,AZ,1,2019-05-29 00:00:00,We have lived here for about six years. They refused to honor the warranty when it broke a week later.,2,0,0,4.0,36
sample_rev_00929,sample_biz_032,Plumbing Pros 032 (SAMPLE),"Home Services, Plumbing, Water Heater Installation/Repair",Tucson,AZ,1,2020-01-01 00:00:00,Price gouging after they said it was an emergency. They showed up three hours late and then left early. It was a two story house in the foothills.,1,0,1,4.0,60
sample_rev_00779,sample_biz_027,Roofing Pros 027 (SAMPLE),"Home Services, Roofing, Contractors",Tucson,AZ,5,2021-07-03 00:00:00,It was a two story house in the foothills. They arrived on time and finished the job faster than expected. The appointment was scheduled for a Tuesday morning.,1,1,0,3.5,14
sample_rev_00200,sample_biz_006,Home Pros 006 (SAMPLE),"Home Services, Home Cleaning, Carpet Cleaning",Tucson,AZ,1,2021-07-23 00:00:00,The office ignored my messages and nobody returned my calls. Would not recommend. We called them after seeing the listing online. The appointment was scheduled for a Tuesday morning.,0,0,0,2.5,24
sample_rev_00134,sample_biz_005,General Pros 005 (SAMPLE),"Home Services, Contractors, Handyman",Tucson,AZ,2,2018-01-27 00:00:00,Terrible attitude and a dirty truck full of garbage. Would not recommend. The repair did not fix the problem and they left a huge mess behind. The project took forever and was weeks behind schedule. It was a two story house in the foothills.,2,0,0,2.5,48
sample_rev_01051,sample_biz_036,Movers Pros 036 (SAMPLE),"Home Services, Movers, Packing Services",Tucson,AZ,4,2017-11-12 00:00:00,They gave a lifetime warranty on the parts. Fair price and no surprises on the final bill.,1,0,0,4.0,36
sample_rev_00040,sample_biz_001,Electricians Pros 001 (SAMPLE),"Home Services, Electricians, Lighting Fixtures & Equipment",Tucson,AZ,5,2019-12-28 00:00:00,"The appointment was scheduled for a Tuesday morning. Very safe and careful, everything was done to code and permitted. They were not late at all, which was a nice change. The estimate visit took about thirty minutes.",3,1,0,3.5,48
sample_rev_01017,sample_biz_035,Roofing Pros 035 (SAMPLE),"Home Services, Roofing, Contractors",Tucson,AZ,4,2020-08-26 00:00:00,"The work looks fantastic and they cleaned up completely. Great service from start to finish and I would recommend them to anyone. Quick response, quality work and a very reasonable estimate. The estimate visit took about thirty minutes. It was a two story house in the foothills.",2,0,0,4.5,60
sample_rev_00230,sample_biz_008,Plumbing Pros 008 (SAMPLE),"Home Services, Plumbing, Water Heater Installation/Repair",Tucson,AZ,2,2018-09-03 00:00:00,I waited all day and the technician arrived after dark. The appointment was scheduled for a Tuesday morning.,0,0,0,3.0,60
sample_rev_00378,sample_biz_014,Home Pros 014 (SAMPLE),"Home Services, Home Cleaning, Carpet Cleaning",Tucson,AZ,5,2018-12-01 00:00:00,"Quick response, quality work and a very reasonable estimate. I will definitely use them again for the next project.",2,0,0,4.5,30
sample_rev_00288,sample_biz_010,HVAC Pros 010 (SAMPLE),"Home Services, Heating & Air Conditioning/HVAC",Tucson,AZ,1,2017-07-21 00:00:00,"Completely unresponsive once they had my deposit. We called them after seeing the listing online. Constant delays, they rescheduled four times. It was a two story house in the foothills. Would not recommend.",1,0,0,4.0,48
sample_rev_00418,sample_biz_015,Landscaping Pros 015 (SAMPLE),"Home Services, Landscaping, Tree Services",Tucson,AZ,4,2020-08-24 00:00:00,"Excellent communication, they called back within the hour. We called them after seeing the listing online. The appointment was scheduled for a Tuesday morning. Great service from start to finish and I would recommend them to anyone.",2,0,0,4.0,24
sample_rev_00391,sample_biz_014,Home Pros 014 (SAMPLE),"Home Services, Home Cleaning, Carpet Cleaning",Tucson,AZ,5,2021-01-26 00:00:00,"Fair price and no surprises on the final bill. Quick response, quality work and a very reasonable estimate. They arrived on time and finished the job faster than expected. The estimate visit took about thirty minutes.",3,0,1,4.5,30
sample_rev_00592,sample_biz_021,General Pros 021 (SAMPLE),"Home Services, Contractors, Handyman",Tucson,AZ,1,2019-06-10 00:00:00,I waited all day and the technician arrived after dark. The appointment was scheduled for a Tuesday morning.,0,0,0,3.0,36
sample_rev_01086,sample_biz_037,General Pros 037 (SAMPLE),"Home Services, Contractors, Handyman",Tucson,AZ,4,2019-01-15 00:00:00,The appointment was scheduled for a Tuesday morning. The work looks fantastic and they cleaned up completely. We have lived here for about six years.,0,0,0,4.0,30
sample_rev_00647,sample_biz_023,Landscaping Pros 023 (SAMPLE),"Home Services, Landscaping, Tree Services",Tucson,AZ,1,2016-05-25 00:00:00,We have lived here for about six years. We called them after seeing the listing online. The work was sloppy and the pipe is still leaking again after they left.,1,0,0,2.5,14
sample_rev_00520,sample_biz_019,Roofing Pros 019 (SAMPLE),"Home Services, Roofing, Contractors",Tucson,AZ,3,2017-11-22 00:00:00,The appointment was scheduled for a Tuesday morning. They were a little late but the quality of the repair was good. They never called back despite five voicemails.,0,0,0,3.0,60
sample_rev_00064,sample_biz_001,Electricians Pros 001 (SAMPLE),"Home Services, Electricians, Lighting Fixtures & Equipment",Tucson,AZ,2,2021-05-22 00:00:00,"Would not recommend. The quote doubled once they started, classic bait and switch. We called them after seeing the listing online. We have lived here for about six years.",0,0,2,3.5,48
sample_rev_00014,sample_biz_000,Plumbing Pros 000 (SAMPLE),"Home Services, Plumbing, Water Heater Installation/Repair",Tucson,AZ,5,2020-02-25 00:00:00,"He stayed on schedule and kept me updated by text. Quick response, quality work and a very reasonable estimate. We called them after seeing the listing online. Excellent communication, they called back within the hour. Very safe and careful, everything was done to code and permitted.",1,1,1,3.5,24
sample_rev_01064,sample_biz_036,Movers Pros 036 (SAMPLE),"Home Services, Movers, Packing Services",Tucson,AZ,2,2020-01-22 00:00:00,"Hidden fees everywhere, it felt like a complete rip off. We called them after seeing the listing online. The appointment was scheduled for a Tuesday morning.",0,0,0,4.0,36
sample_rev_00492,sample_biz_018,HVAC Pros 018 (SAMPLE),"Home Services, Heating & Air Conditioning/HVAC",Tucson,AZ,1,2018-01-05 00:00:00,After two missed appointments I gave up on them. The appointment was scheduled for a Tuesday morning. Zero communication and no response to my emails. We have lived here for about six years.,0,0,0,2.5,24
sample_rev_00379,sample_biz_014,Home Pros 014 (SAMPLE),"Home Services, Home Cleaning, Carpet Cleaning",Tucson,AZ,5,2018-12-09 00:00:00,"The technician was friendly, professional and explained everything clearly. Quick response, quality work and a very reasonable estimate.",0,1,1,4.5,30
sample_rev_00187,sample_biz_006,Home Pros 006 (SAMPLE),"Home Services, Home Cleaning, Carpet Cleaning",Tucson,AZ,5,2018-12-26 00:00:00,"It was a two story house in the foothills. The technician was friendly, professional and explained everything clearly. Very safe and careful, everything was done to code and permitted.",0,1,0,2.5,24
sample_rev_00763,sample_biz_026,HVAC Pros 026 (SAMPLE),"Home Services, Heating & Air Conditioning/HVAC",Tucson,AZ,1,2021-08-22 00:00:00,"We have lived here for about six years. The crew was a no show on the day of the appointment. Very unprofessional, he was yelling at his helper in my driveway. Would not recommend.",0,0,0,3.0,60
sample_rev_00216,sample_biz_008,Plumbing Pros 008 (SAMPLE),"Home Services, Plumbing, Water Heater Installation/Repair",Tucson,AZ,4,2015-06-19 00:00:00,"No hidden fees, the quote matched the invoice exactly. We have lived here for about six years. The appointment was scheduled for a Tuesday morning. I will definitely use them again for the next project. Very safe and careful, everything was done to code and permitted. Fair price and no surprises on the final bill.",2,0,0,3.0,60
sample_rev_00791,sample_biz_028,Movers Pros 028 (SAMPLE),"Home Services, Movers, Packing Services",Tucson,AZ,2,2019-04-03 00:00:00,The crew was a no show on the day of the appointment. Zero communication and no response to my emails. The estimate visit took about thirty minutes.,0,0,1,3.5,30
sample_rev_01076,sample_biz_036,Movers Pros 036 (SAMPLE),"Home Services, Movers, Packing Services",Tucson,AZ,1,2021-11-15 00:00:00,"I will definitely use them again for the next project. The work looks fantastic and they cleaned up completely. The appointment was scheduled for a Tuesday morning. The technician was friendly, professional and explained everything clearly.",0,0,0,4.0,36
sample_rev_00878,sample_biz_031,Landscaping Pros 031 (SAMPLE),"Home Services, Landscaping, Tree Services",Tucson,AZ,4,2020-07-01 00:00:00,"Very safe and careful, everything was done to code and permitted. Fair price and no surprises on the final bill.",2,0,1,4.0,48
sample_rev_00337,sample_biz_011,Roofing Pros 011 (SAMPLE),"Home Services, Roofing, Contractors",Tucson,AZ,4,2018-09-23 00:00:00,"The appointment was scheduled for a Tuesday morning. I will definitely use them again for the next project. Very safe and careful, everything was done to code and permitted. They gave a lifetime warranty on the parts. Excellent communication, they called back within the hour. The estimate visit took about thirty minutes.",1,1,3,3.0,24
sample_rev_00719,sample_biz_026,HVAC Pros 026 (SAMPLE),"Home Services, Heating & Air Conditioning/HVAC",Tucson,AZ,4,2018-06-28 00:00:00,It was a two story house in the foothills. I will definitely use them again for the next project. They arrived on time and finished the job faster than expected. He stayed on schedule and kept me updated by text.,0,0,1,3.0,60
sample_rev_00295,sample_biz_010,HVAC Pros 010 (SAMPLE),"Home Services, Heating & Air Conditioning/HVAC",Tucson,AZ,5,2018-08-16 00:00:00,"Quick response, quality work and a very reasonable estimate. We called them after seeing the listing online. Excellent communication, they called back within the hour.",2,0,0,4.0,48
sample_rev_01016,sample_biz_035,Roofing Pros 035 (SAMPLE),"Home Services, Roofing, Contractors",Tucson,AZ,5,2020-06-17 00:00:00,The work looks fantastic and they cleaned up completely.,1,0,0,4.5,60
sample_rev_00455,sample_biz_016,Plumbing Pros 016 (SAMPLE),"Home Services, Plumbing, Water Heater Installation/Repair",Tucson,AZ,5,2020-10-21 00:00:00,"Very safe and careful, everything was done to code and permitted.",1,0,1,4.0,48
sample_rev_00815,sample_biz_029,General Pros 029 (SAMPLE),"Home Services, Contractors, Handyman",Tucson,AZ,1,2019-01-16 00:00:00,"It was a two story house in the foothills. Shoddy workmanship, I had to hire someone else to redo the whole job. The estimate visit took about thirty minutes.",1,0,0,2.5,8
sample_rev_00269,sample_biz_008,Plumbing Pros 008 (SAMPLE),"Home Services, Plumbing, Water Heater Installation/Repair",Tucson,AZ,2,2021-08-01 00:00:00,"It was a two story house in the foothills. Constant delays, they rescheduled four times.",1,0,1,3.0,60
sample_rev_00995,sample_biz_035,Roofing Pros 035 (SAMPLE),"Home Services, Roofing, Contractors",Tucson,AZ,5,2018-02-08 00:00:00,"They arrived on time and finished the job faster than expected. The appointment was scheduled for a Tuesday morning. Fair price and no surprises on the final bill. The technician was friendly, professional and explained everything clearly.",1,1,1,4.5,60
sample_rev_00201,sample_biz_006,Home Pros 006 (SAMPLE),"Home Services, Home Cleaning, Carpet Cleaning",Tucson,AZ,1,2021-09-30 00:00:00,We called them after seeing the listing online. Completely unresponsive once they had my deposit. Would not recommend.,0,0,0,2.5,24
sample_rev_00161,sample_biz_005,General Pros 005 (SAMPLE),"Home Services, Contractors, Handyman",Tucson,AZ,3,2020-09-08 00:00:00,"Good crew overall, although the price was a bit higher than I expected. Very safe and careful, everything was done to code and permitted. It was a two story house in the foothills.",2,0,0,2.5,48
sample_rev_00729,sample_biz_026,HVAC Pros 026 (SAMPLE),"Home Services, Heating & Air Conditioning/HVAC",Tucson,AZ,5,2019-05-05 00:00:00,"Fair price and no surprises on the final bill. Very safe and careful, everything was done to code and permitted. They gave a lifetime warranty on the parts.",0,0,0,3.0,60
sample_rev_00401,sample_biz_014,Home Pros 014 (SAMPLE),"Home Services, Home Cleaning, Carpet Cleaning",Tucson,AZ,4,2022-01-11 00:00:00,"We have lived here for about six years. They arrived on time and finished the job faster than expected. The appointment was scheduled for a Tuesday morning. They were not late at all, which was a nice change.",1,0,0,4.5,30
sample_rev_00702,sample_biz_025,Electricians Pros 025 (SAMPLE),"Home Services, Electricians, Lighting Fixtures & Equipment",Tucson,AZ,5,2019-09-28 00:00:00,"The work looks fantastic and they cleaned up completely. Quick response, quality work and a very reasonable estimate. Very safe and careful, everything was done to code and permitted.",0,0,0,3.5,14
sample_rev_00565,sample_biz_019,Roofing Pros 019 (SAMPLE),"Home Services, Roofing, Contractors",Tucson,AZ,5,2021-08-28 00:00:00,"Quick response, quality work and a very reasonable estimate.",2,0,0,3.0,60
sample_rev_01021,sample_biz_035,Roofing Pros 035 (SAMPLE),"Home Services, Roofing, Contractors",Tucson,AZ,3,2020-12-30 00:00:00,We called them after seeing the listing online. Terrible attitude and a dirty truck full of garbage. The work itself was decent but the communication could have been better.,0,0,0,4.5,60
sample_rev_01025,sample_biz_035,Roofing Pros 035 (SAMPLE),"Home Services, Roofing, Contractors",Tucson,AZ,1,2021-02-28 00:00:00,The estimate visit took about thirty minutes. The project took forever and was weeks behind schedule. Would not recommend. The appointment was scheduled for a Tuesday morning.,1,0,1,4.5,60
sample_rev_01104,sample_biz_037,General Pros 037 (SAMPLE),"Home Services, Contractors, Handyman",Tucson,AZ,4,2021-07-11 00:00:00,They honored the warranty without any hassle which I really appreciated.,2,0,1,4.0,30
sample_rev_00205,sample_biz_007,Landscaping Pros 007 (SAMPLE),"Home Services, Landscaping, Tree Services",Tucson,AZ,5,2017-10-19 00:00:00,Great service from start to finish and I would recommend them to anyone. The appointment was scheduled for a Tuesday morning. They honored the warranty without any hassle which I really appreciated.,2,0,0,4.5,14
sample_rev_00034,sample_biz_001,Electricians Pros 001 (SAMPLE),"Home Services, Electricians, Lighting Fixtures & Equipment",Tucson,AZ,5,2019-06-20 00:00:00,"Great service from start to finish and I would recommend them to anyone. Very safe and careful, everything was done to code and permitted. They honored the warranty without any hassle which I really appreciated.",0,1,0,3.5,48
sample_rev_00775,sample_biz_027,Roofing Pros 027 (SAMPLE),"Home Services, Roofing, Contractors",Tucson,AZ,4,2018-09-22 00:00:00,"We called them after seeing the listing online. The technician was friendly, professional and explained everything clearly. The appointment was scheduled for a Tuesday morning. Quick response, quality work and a very reasonable estimate. Very safe and careful, everything was done to code and permitted.",0,0,0,3.5,14
sample_rev_00508,sample_biz_018,HVAC Pros 018 (SAMPLE),"Home Services, Heating & Air Conditioning/HVAC",Tucson,AZ,1,2021-10-04 00:00:00,It was a two story house in the foothills. The crew was a no show on the day of the appointment. Completely unresponsive once they had my deposit.,1,0,0,2.5,24
sample_rev_01157,sample_biz_039,Landscaping Pros 039 (SAMPLE),"Home Services, Landscaping, Tree Services",Tucson,AZ,1,2020-07-05 00:00:00,The estimate visit took about thirty minutes. No one would stand behind their work and they denied my claim.,2,0,0,3.5,30
sample_rev_00091,sample_biz_002,HVAC Pros 002 (SAMPLE),"Home Services, Heating & Air Conditioning/HVAC",Tucson,AZ,4,2020-03-03 00:00:00,It was a two story house in the foothills. Fair price and no surprises on the final bill.,2,0,0,4.5,36
sample_rev_00897,sample_biz_031,Landscaping Pros 031 (SAMPLE),"Home Services, Landscaping, Tree Services",Tucson,AZ,5,2021-10-19 00:00:00,He stayed on schedule and kept me updated by text. They honored the warranty without any hassle which I really appreciated.,1,0,1,4.0,48
sample_rev_00564,sample_biz_019,Roofing Pros 019 (SAMPLE),"Home Services, Roofing, Contractors",Tucson,AZ,4,2021-08-10 00:00:00,Great service from start to finish and I would recommend them to anyone. The estimate visit took about thirty minutes.,2,0,0,3.0,60
sample_rev_00776,sample_biz_027,Roofing Pros 027 (SAMPLE),"Home Services, Roofing, Contractors",Tucson,AZ,5,2019-02-20 00:00:00,It was a two story house in the foothills. The appointment was scheduled for a Tuesday morning. They gave a lifetime warranty on the parts. They arrived on time and finished the job faster than expected.,1,0,0,3.5,14
sample_rev_00241,sample_biz_008,Plumbing Pros 008 (SAMPLE),"Home Services, Plumbing, Water Heater Installation/Repair",Tucson,AZ,5,2019-08-30 00:00:00,"No hidden fees, the quote matched the invoice exactly. We have lived here for about six years. Quick response, quality work and a very reasonable estimate. Excellent communication, they called back within the hour. They honored the warranty without any hassle which I really appreciated.",1,0,0,3.0,60
sample_rev_00013,sample_biz_000,Plumbing Pros 000 (SAMPLE),"Home Services, Plumbing, Water Heater Installation/Repair",Tucson,AZ,2,2020-02-19 00:00:00,The appointment was scheduled for a Tuesday morning. We called them after seeing the listing online. The crew was a no show on the day of the appointment.,1,1,0,3.5,24
sample_rev_00315,sample_biz_010,HVAC Pros 010 (SAMPLE),"Home Services, Heating & Air Conditioning/HVAC",Tucson,AZ,5,2021-05-03 00:00:00,"Excellent communication, they called back within the hour. He stayed on schedule and kept me updated by text. The technician was friendly, professional and explained everything clearly. The work looks fantastic and they cleaned up completely. It was a two story house in the foothills.",1,0,1,4.0,48
sample_rev_00600,sample_biz_021,General Pros 021 (SAMPLE),"Home Services, Contractors, Handyman",Tucson,AZ,4,2020-07-23 00:00:00,Great service from start to finish and I would recommend them to anyone. The estimate visit took about thirty minutes. They arrived on time and finished the job faster than expected.,3,1,1,3.0,36
sample_rev_00387,sample_biz_014,Home Pros 014 (SAMPLE),"Home Services, Home Cleaning, Carpet Cleaning",Tucson,AZ,5,2020-12-03 00:00:00,"It was a two story house in the foothills. The technician was friendly, professional and explained everything clearly. The estimate visit took about thirty minutes.",0,0,0,4.5,30
sample_rev_00166,sample_biz_005,General Pros 005 (SAMPLE),"Home Services, Contractors, Handyman",Tucson,AZ,3,2021-02-02 00:00:00,"Shoddy workmanship, I had to hire someone else to redo the whole job. The work itself was decent but the communication could have been better. The appointment was scheduled for a Tuesday morning.",1,0,1,2.5,48
sample_rev_00840,sample_biz_030,Home Pros 030 (SAMPLE),"Home Services, Home Cleaning, Carpet Cleaning",Tucson,AZ,1,2020-10-10 00:00:00,Terrible attitude and a dirty truck full of garbage. We called them after seeing the listing online.,1,1,0,2.5,30
sample_rev_00020,sample_biz_000,Plumbing Pros 000 (SAMPLE),"Home Services, Plumbing, Water Heater Installation/Repair",Tucson,AZ,4,2021-02-01 00:00:00,"The technician was friendly, professional and explained everything clearly. Excellent communication, they called back within the hour. The appointment was scheduled for a Tuesday morning.",1,1,0,3.5,24
sample_rev_00646,sample_biz_023,Landscaping Pros 023 (SAMPLE),"Home Services, Landscaping, Tree Services",Tucson,AZ,5,2015-08-30 00:00:00,"They were not late at all, which was a nice change. Excellent communication, they called back within the hour. Very safe and careful, everything was done to code and permitted.",1,0,1,2.5,14
sample_rev_00831,sample_biz_030,Home Pros 030 (SAMPLE),"Home Services, Home Cleaning, Carpet Cleaning",Tucson,AZ,5,2019-04-27 00:00:00,"Excellent communication, they called back within the hour. It was a two story house in the foothills.",1,0,0,2.5,30
sample_rev_00562,sample_biz_019,Roofing Pros 019 (SAMPLE),"Home Services, Roofing, Contractors",Tucson,AZ,2,2021-07-21 00:00:00,He left the job unfinished and never came back. We called them after seeing the listing online. The estimate visit took about thirty minutes.,0,0,0,3.0,60
sample_rev_01144,sample_biz_039,Landscaping Pros 039 (SAMPLE),"Home Services, Landscaping, Tree Services",Tucson,AZ,5,2016-06-19 00:00:00,"The appointment was scheduled for a Tuesday morning. Excellent communication, they called back within the hour. They arrived on time and finished the job faster than expected. They honored the warranty without any hassle which I really appreciated. The estimate visit took about thirty minutes.",0,0,0,3.5,30
sample_rev_00686,sample_biz_024,Plumbing Pros 024 (SAMPLE),"Home Services, Plumbing, Water Heater Installation/Repair",Tucson,AZ,5,2021-07-17 00:00:00,We called them after seeing the listing online. They left trash all over my yard and were disrespectful. They showed up three hours late and then left early. It was a two story house in the foothills.,0,2,0,2.5,36
sample_rev_00957,sample_biz_032,Plumbing Pros 032 (SAMPLE),"Home Services, Plumbing, Water Heater Installation/Repair",Tucson,AZ,2,2021-12-03 00:00:00,Price gouging after they said it was an emergency. It was a two story house in the foothills. I waited all day and the technician arrived after dark.,0,0,0,4.0,60
sample_rev_00189,sample_biz_006,Home Pros 006 (SAMPLE),"Home Services, Home Cleaning, Carpet Cleaning",Tucson,AZ,2,2019-07-23 00:00:00,It was a two story house in the foothills. Completely unresponsive once they had my deposit. We have lived here for about six years.,2,0,0,2.5,24
sample_rev_00975,sample_biz_034,HVAC Pros 034 (SAMPLE),"Home Services, Heating & Air Conditioning/HVAC",Tucson,AZ,1,2019-02-10 00:00:00,The work was sloppy and the pipe is still leaking again after they left. I waited all day and the technician arrived after dark. The estimate visit took about thirty minutes.,0,0,0,2.0,8
sample_rev_00699,sample_biz_025,Electricians Pros 025 (SAMPLE),"Home Services, Electricians, Lighting Fixtures & Equipment",Tucson,AZ,3,2019-04-21 00:00:00,"We have lived here for about six years. The technician was friendly, professional and explained everything clearly. They were a little late but the quality of the repair was good.",0,0,1,3.5,14
sample_rev_00510,sample_biz_018,HVAC Pros 018 (SAMPLE),"Home Services, Heating & Air Conditioning/HVAC",Tucson,AZ,4,2021-11-11 00:00:00,"Quick response, quality work and a very reasonable estimate. We have lived here for about six years. Very safe and careful, everything was done to code and permitted. Great service from start to finish and I would recommend them to anyone.",0,0,0,2.5,24
sample_rev_01082,sample_biz_037,General Pros 037 (SAMPLE),"Home Services, Contractors, Handyman",Tucson,AZ,5,2018-04-01 00:00:00,"Excellent communication, they called back within the hour. I will definitely use them again for the next project. The estimate visit took about thirty minutes. Fair price and no surprises on the final bill.",2,0,0,4.0,30
sample_rev_00474,sample_biz_017,Electricians Pros 017 (SAMPLE),"Home Services, Electricians, Lighting Fixtures & Equipment",Tucson,AZ,5,2016-12-15 00:00:00,The work looks fantastic and they cleaned up completely. The appointment was scheduled for a Tuesday morning.,1,0,0,4.5,14
sample_rev_00856,sample_biz_031,Landscaping Pros 031 (SAMPLE),"Home Services, Landscaping, Tree Services",Tucson,AZ,3,2016-11-06 00:00:00,"Good crew overall, although the price was a bit higher than I expected. We have lived here for about six years. They arrived on time and finished the job faster than expected.",0,0,0,4.0,48
sample_rev_00747,sample_biz_026,HVAC Pros 026 (SAMPLE),"Home Services, Heating & Air Conditioning/HVAC",Tucson,AZ,2,2020-08-23 00:00:00,They never showed up and did not even call to cancel. Would not recommend. We have lived here for about six years.,0,0,2,3.0,60
sample_rev_00252,sample_biz_008,Plumbing Pros 008 (SAMPLE),"Home Services, Plumbing, Water Heater Installation/Repair",Tucson,AZ,1,2020-08-08 00:00:00,The project took forever and was weeks behind schedule. We called them after seeing the listing online. The appointment was scheduled for a Tuesday morning.,0,0,0,3.0,60
sample_rev_00021,sample_biz_000,Plumbing Pros 000 (SAMPLE),"Home Services, Plumbing, Water Heater Installation/Repair",Tucson,AZ,1,2021-07-05 00:00:00,"The quote doubled once they started, classic bait and switch. We called them after seeing the listing online.",1,0,0,3.5,24
sample_rev_00459,sample_biz_016,Plumbing Pros 016 (SAMPLE),"Home Services, Plumbing, Water Heater Installation/Repair",Tucson,AZ,5,2021-02-01 00:00:00,"We have lived here for about six years. Quick response, quality work and a very reasonable estimate. Great service from start to finish and I would recommend them to anyone. He stayed on schedule and kept me updated by text. It was a two story house in the foothills.",0,0,1,4.0,48
sample_rev_00276,sample_biz_009,Electricians Pros 009 (SAMPLE),"Home Services, Electricians, Lighting Fixtures & Equipment",Tucson,AZ,5,2017-04-27 00:00:00,"It was a two story house in the foothills. Quick response, quality work and a very reasonable estimate. I will definitely use them again for the next project. They were not late at all, which was a nice change.",0,0,0,3.0,8
sample_rev_00955,sample_biz_032,Plumbing Pros 032 (SAMPLE),"Home Services, Plumbing, Water Heater Installation/Repair",Tucson,AZ,4,2021-10-13 00:00:00,"Excellent communication, they called back within the hour. The technician was friendly, professional and explained everything clearly. Great service from start to finish and I would recommend them to anyone. The appointment was scheduled for a Tuesday morning. The estimate visit took about thirty minutes.",1,0,0,4.0,60
sample_rev_00385,sample_biz_014,Home Pros 014 (SAMPLE),"Home Services, Home Cleaning, Carpet Cleaning",Tucson,AZ,5,2020-03-03 00:00:00,"The estimate visit took about thirty minutes. I will definitely use them again for the next project. The technician was friendly, professional and explained everything clearly.",0,0,0,4.5,30
sample_rev_00805,sample_biz_028,Movers Pros 028 (SAMPLE),"Home Services, Movers, Packing Services",Tucson,AZ,5,2021-05-15 00:00:00,They honored the warranty without any hassle which I really appreciated.,1,0,0,3.5,30
sample_rev_00343,sample_biz_011,Roofing Pros 011 (SAMPLE),"Home Services, Roofing, Contractors",Tucson,AZ,4,2020-08-25 00:00:00,"They honored the warranty without any hassle which I really appreciated. Fair price and no surprises on the final bill. Excellent communication, they called back within the hour. We have lived here for about six years.",2,0,1,3.0,24
sample_rev_00769,sample_biz_026,HVAC Pros 026 (SAMPLE),"Home Services, Heating & Air Conditioning/HVAC",Tucson,AZ,3,2022-01-16 00:00:00,We have lived here for about six years. The work itself was decent but the communication could have been better. They honored the warranty without any hassle which I really appreciated.,2,0,0,3.0,60
sample_rev_00130,sample_biz_005,General Pros 005 (SAMPLE),"Home Services, Contractors, Handyman",Tucson,AZ,5,2015-11-02 00:00:00,"The technician was friendly, professional and explained everything clearly. They honored the warranty without any hassle which I really appreciated. It was a two story house in the foothills. Quick response, quality work and a very reasonable estimate.",1,0,0,2.5,48
sample_rev_00871,sample_biz_031,Landscaping Pros 031 (SAMPLE),"Home Services, Landscaping, Tree Services",Tucson,AZ,4,2019-10-17 00:00:00,We called them after seeing the listing online. I will definitely use them again for the next project.,1,0,1,4.0,48
sample_rev_01123,sample_biz_038,Home Pros 038 (SAMPLE),"Home Services, Home Cleaning, Carpet Cleaning",Tucson,AZ,3,2020-03-01 00:00:00,I smelled a gas leak after they left and it was dangerous. We called them after seeing the listing online. The work itself was decent but the communication could have been better.,0,1,0,4.0,36
sample_rev_00087,sample_biz_002,HVAC Pros 002 (SAMPLE),"Home Services, Heating & Air Conditioning/HVAC",Tucson,AZ,5,2019-07-28 00:00:00,"They arrived on time and finished the job faster than expected. Quick response, quality work and a very reasonable estimate. They honored the warranty without any hassle which I really appreciated. We called them after seeing the listing online.",1,0,0,4.5,36
sample_rev_00330,sample_biz_010,HVAC Pros 010 (SAMPLE),"Home Services, Heating & Air Conditioning/HVAC",Tucson,AZ,2,2021-12-16 00:00:00,I waited all day and the technician arrived after dark. The appointment was scheduled for a Tuesday morning. We have lived here for about six years.,1,0,0,4.0,48
sample_rev_00466,sample_biz_016,Plumbing Pros 016 (SAMPLE),"Home Services, Plumbing, Water Heater Installation/Repair",Tucson,AZ,3,2021-07-23 00:00:00,The work itself was decent but the communication could have been better. We called them after seeing the listing online. The crew was a no show on the day of the appointment.,1,0,0,4.0,48
sample_rev_00121,sample_biz_004,Movers Pros 004 (SAMPLE),"Home Services, Movers, Packing Services",Tucson,AZ,4,2019-09-21 00:00:00,"Quick response, quality work and a very reasonable estimate. They honored the warranty without any hassle which I really appreciated. The estimate visit took about thirty minutes. We called them after seeing the listing online. The technician was friendly, professional and explained everything clearly.",3,0,0,2.5,14
sample_rev_01044,sample_biz_036,Movers Pros 036 (SAMPLE),"Home Services, Movers, Packing Services",Tucson,AZ,5,2017-03-14 00:00:00,"The estimate visit took about thirty minutes. Very safe and careful, everything was done to code and permitted.",0,1,1,4.0,36
sample_rev_01095,sample_biz_037,General Pros 037 (SAMPLE),"Home Services, Contractors, Handyman",Tucson,AZ,1,2020-09-25 00:00:00,Completely unresponsive once they had my deposit. The estimate visit took about thirty minutes. It was a two story house in the foothills.,1,1,0,4.0,30
sample_rev_01130,sample_biz_038,Home Pros 038 (SAMPLE),"Home Services, Home Cleaning, Carpet Cleaning",Tucson,AZ,5,2020-10-01 00:00:00,It was a two story house in the foothills. Fair price and no surprises on the final bill.,1,0,0,4.0,36
sample_rev_00860,sample_biz_031,Landscaping Pros 031 (SAMPLE),"Home Services, Landscaping, Tree Services",Tucson,AZ,5,2018-02-23 00:00:00,We have lived here for about six years. It was a two story house in the foothills. Fair price and no surprises on the final bill.,1,1,0,4.0,48
sample_rev_01126,sample_biz_038,Home Pros 038 (SAMPLE),"Home Services, Home Cleaning, Carpet Cleaning",Tucson,AZ,4,2020-04-06 00:00:00,"They honored the warranty without any hassle which I really appreciated. Excellent communication, they called back within the hour. Fair price and no surprises on the final bill.",2,1,0,4.0,36
